CGPA,IQ,Previous_Semester_Percentage,Communication_Skills,Aptitude_Score,Technical_Skills_Score,Projects_Completed,Internships,Certifications,Attendance_Percentage,Backlogs,Placement
7.7,101,65.66,5.0,72.6,45.0,4,0,3,77.0,0,Yes
7.06,93,64.44,5.2,64.1,44.4,3,1,1,79.6,1,No
7.85,101,67.9,10.0,44.1,47.4,3,2,0,67.4,0,Yes
8.72,108,77.15,6.5,54.4,56.7,3,0,0,93.3,1,Yes
6.97,100,71.06,7.9,61.1,47.0,2,1,1,87.1,0,Yes
6.97,100,69.4,5.1,41.1,55.5,3,1,0,89.9,0,Yes
8.78,89,72.52,5.1,53.9,58.9,1,1,0,94.9,0,No
7.97,90,75.86,8.4,74.8,43.1,1,2,0,73.7,0,Yes
6.73,78,64.63,4.1,86.4,56.2,6,1,2,78.4,1,No
7.74,126,63.94,5.8,58.7,47.5,4,0,1,63.1,0,Yes
6.74,81,64.72,6.6,76.3,46.7,1,1,0,,1,No
6.73,89,68.3,6.7,36.3,50.7,2,3,1,80.5,1,Yes
7.44,89,61.36,6.2,74.9,53.7,0,1,4,92.4,1,No
5.29,113,42.99,7.2,52.9,45.8,1,0,1,69.6,0,No
5.48,95,54.36,7.7,69.6,42.2,3,1,1,92.0,0,No
6.64,118,61.1,7.8,61.3,39.6,2,1,2,100.0,0,No
6.19,89,58.44,4.7,84.8,60.7,4,1,1,,0,Yes
7.51,104,69.33,6.0,51.9,54.2,3,1,3,71.9,1,Yes
6.29,87,58.58,8.7,74.4,42.9,3,0,0,80.6,1,No
5.79,132,45.46,8.1,60.8,48.2,6,0,1,59.7,0,Yes
8.67,82,83.23,4.0,62.6,62.7,2,0,0,81.6,0,Yes
6.97,104,68.62,7.1,62.2,52.0,6,1,2,90.2,3,Yes
7.27,109,64.26,2.9,52.3,70.8,1,0,0,81.6,1,No
5.78,106,51.76,6.6,64.8,38.2,4,1,1,79.2,1,Yes
6.66,97,52.25,9.9,64.1,44.0,1,0,2,87.3,0,No
7.31,98,68.37,4.8,68.6,52.1,4,0,0,88.0,0,No
6.05,100,57.3,5.0,66.3,50.9,4,2,0,65.4,0,No
7.58,97,67.87,7.9,77.0,41.0,4,1,2,82.9,0,Yes
6.6,114,65.02,3.7,78.9,30.5,1,0,0,100.0,0,No
6.91,133,60.5,5.4,49.2,43.7,4,2,0,68.6,0,Yes
6.6,91,62.21,7.6,78.0,33.1,4,1,2,81.1,0,Yes
9.05,79,76.37,5.4,47.2,60.0,1,0,3,100.0,1,Yes
7.19,98,64.56,6.1,73.8,54.3,2,0,0,93.0,0,No
6.14,138,54.41,7.8,74.3,35.9,2,0,0,76.9,1,No
8.02,87,73.33,7.3,36.3,44.7,2,2,3,84.1,0,Yes
5.98,124,51.96,7.0,66.4,42.4,4,4,1,82.0,0,Yes
7.41,125,66.02,5.9,58.0,58.8,0,4,1,74.5,0,Yes
5.24,91,51.29,7.2,53.6,23.1,2,1,0,81.3,0,No
5.87,108,50.66,6.3,85.3,47.7,2,0,1,79.2,0,No
7.4,124,58.54,7.3,55.2,58.3,3,0,1,83.1,0,No
7.94,94,80.19,5.6,52.9,63.2,2,1,3,74.5,1,Yes
7.37,96,73.25,6.2,66.1,61.3,0,1,4,69.2,1,No
7.08,91,57.3,4.7,75.3,67.2,3,1,1,81.6,0,Yes
6.9,84,65.54,6.4,62.9,45.4,5,2,3,99.2,1,Yes
5.72,90,48.98,5.0,82.5,40.9,4,1,1,82.8,1,Yes
6.48,81,59.64,4.5,73.0,42.0,4,2,1,78.7,1,No
6.74,100,62.13,7.0,32.3,47.2,3,1,1,89.5,0,Yes
8.26,88,73.14,6.9,57.1,70.1,2,2,2,80.4,2,Yes
7.54,103,63.97,7.9,56.6,42.0,2,3,0,100.0,1,Yes
5.44,76,45.48,5.7,72.2,31.2,2,1,1,82.0,0,No
7.52,104,63.14,7.2,25.6,63.7,2,0,2,89.0,1,Yes
6.81,112,57.18,7.5,100.0,55.9,4,0,1,74.5,1,Yes
6.52,70,58.37,7.3,73.0,42.8,3,1,3,87.0,0,Yes
7.81,105,66.73,5.0,67.2,61.5,3,1,1,84.8,1,Yes
8.23,118,77.49,6.8,82.7,60.3,5,0,2,81.4,0,Yes
8.13,81,80.62,7.2,100.0,68.9,3,2,1,77.0,0,Yes
6.36,125,54.35,6.5,78.1,45.1,5,2,0,75.6,0,Yes
6.89,106,63.21,2.7,79.2,56.4,5,1,0,84.8,0,No
7.53,89,70.28,6.8,67.0,73.9,2,1,1,88.3,0,Yes
8.18,99,75.94,10.0,62.9,62.0,0,0,1,80.7,1,Yes
6.72,108,60.87,5.9,57.9,47.4,4,1,0,84.9,0,Yes
7.01,101,66.84,5.2,52.6,54.9,3,0,1,81.6,0,No
6.09,108,57.25,7.2,54.7,39.7,2,1,2,83.0,0,No
6.0,86,47.85,7.1,44.7,61.1,4,2,1,80.0,0,Yes
8.01,102,76.46,8.6,63.9,57.5,0,1,3,82.2,2,No
8.56,78,81.44,4.2,39.7,57.7,1,3,3,100.0,1,No
7.13,98,60.34,7.8,67.9,43.2,2,0,0,85.1,0,No
8.2,86,74.02,7.6,64.5,66.2,2,2,1,88.5,2,Yes
7.56,88,71.47,6.2,67.2,59.9,2,0,1,86.4,0,No
6.55,118,57.95,7.1,57.2,41.9,4,1,0,79.4,1,Yes
7.56,116,73.42,8.4,100.0,57.5,5,1,0,94.9,2,Yes
8.74,109,90.46,8.1,85.4,49.1,0,0,1,79.1,3,No
7.16,83,60.55,4.4,46.3,51.6,0,1,0,92.6,0,No
8.76,95,71.98,8.0,68.5,65.0,2,0,2,78.7,1,Yes
4.58,118,42.74,6.4,55.9,45.7,3,1,1,72.4,0,No
8.02,102,75.8,6.6,49.8,50.0,1,0,2,85.7,0,Yes
7.29,134,64.43,6.6,44.9,40.8,2,0,5,71.0,1,No
6.9,105,69.38,,71.5,41.1,1,3,1,87.4,0,Yes
7.29,102,58.93,8.6,54.8,40.3,2,1,1,70.1,0,Yes
5.21,95,50.38,6.3,79.5,47.2,1,3,2,78.8,1,No
6.98,102,59.79,4.5,79.9,61.3,3,1,0,67.7,0,No
7.56,97,76.61,5.8,85.6,55.5,6,1,2,100.0,1,Yes
8.68,110,88.06,6.8,52.2,70.5,4,0,1,65.5,1,Yes
6.68,114,56.3,8.7,72.1,47.8,2,1,1,82.1,1,Yes
6.39,88,54.78,7.6,74.5,44.0,2,0,1,93.4,2,No
6.7,80,64.58,5.0,57.9,44.2,0,3,1,92.4,0,Yes
8.12,72,71.1,10.0,53.4,54.3,2,0,1,90.5,0,No
7.53,107,67.53,7.0,89.1,40.3,2,1,1,78.8,1,No
6.67,83,60.16,8.8,68.4,48.8,0,2,1,95.5,1,Yes
7.71,70,59.82,6.2,74.5,53.7,3,0,3,91.1,1,No
7.3,105,65.6,7.5,52.7,57.0,2,1,1,84.1,0,Yes
8.17,137,70.07,8.0,46.7,57.9,2,1,0,84.4,0,Yes
6.5,99,56.02,8.7,56.5,44.2,3,1,3,79.0,0,Yes
6.87,112,69.07,8.4,63.1,41.1,1,2,0,72.9,0,No
6.81,101,54.99,8.1,49.0,48.2,7,1,3,94.4,1,Yes
5.74,98,55.69,5.9,64.9,46.1,3,2,2,95.1,1,No
7.5,113,66.07,5.5,39.7,43.3,5,1,1,73.2,0,Yes
7.46,95,65.75,7.1,48.2,52.9,1,0,2,80.5,0,No
7.21,104,68.8,8.2,75.1,52.3,4,2,4,80.6,0,Yes
6.97,104,64.39,6.1,74.1,43.0,1,1,1,81.7,1,No
5.78,89,54.91,8.4,59.1,35.8,2,0,0,82.6,0,No
6.78,114,65.86,9.1,49.7,49.3,1,1,4,91.5,2,No
6.86,97,60.06,4.9,49.6,38.9,3,1,2,74.5,1,No
6.4,88,54.52,5.0,59.4,47.6,3,0,3,73.5,0,No
7.04,108,57.92,6.2,74.7,42.1,4,1,3,94.4,2,Yes
7.6,86,64.31,7.1,78.9,61.7,2,1,4,77.4,0,Yes
9.09,100,96.52,5.6,57.6,82.3,2,0,0,69.4,0,Yes
7.37,99,72.59,8.9,47.7,44.7,3,3,1,77.1,0,Yes
7.46,116,60.36,7.3,69.0,56.5,3,0,1,78.7,1,Yes
7.13,107,57.52,6.6,52.6,44.1,3,2,1,97.5,0,Yes
5.28,99,49.94,3.9,57.2,45.3,2,1,1,91.2,1,No
7.17,112,67.3,4.1,84.9,40.1,2,2,0,93.5,0,No
7.26,120,68.09,7.0,77.4,54.7,4,0,1,90.2,1,Yes
9.66,108,85.69,2.7,67.4,60.7,2,0,1,91.5,1,Yes
7.01,100,62.44,8.3,45.9,47.4,2,0,5,75.1,0,Yes
7.5,80,69.15,6.2,68.2,44.3,2,1,1,80.0,0,Yes
7.17,84,64.92,10.0,80.9,56.7,1,0,2,72.1,0,Yes
6.03,95,43.19,10.0,59.4,35.5,0,1,2,79.9,3,No
8.34,90,73.94,6.2,85.3,62.8,2,0,2,88.8,2,Yes
7.95,97,67.31,6.3,84.4,52.9,5,0,3,83.3,1,Yes
7.99,100,72.8,8.3,90.0,55.0,4,0,2,95.1,0,Yes
6.29,107,71.54,9.6,69.6,45.2,3,2,1,70.6,1,Yes
8.6,98,79.26,3.6,73.8,54.1,5,1,1,87.0,0,Yes
5.8,107,50.62,3.3,86.2,42.3,0,1,2,69.5,0,No
7.79,100,74.69,5.4,71.7,66.8,0,0,1,82.9,2,No
9.39,70,86.93,7.5,57.5,59.5,3,1,3,89.4,0,Yes
6.21,85,57.99,7.4,58.3,52.8,0,0,4,79.9,0,No
6.63,97,62.74,8.4,68.6,58.4,1,1,2,87.5,1,No
7.3,81,75.98,4.3,45.6,44.6,1,0,1,72.4,0,No
6.7,108,54.61,2.3,62.9,35.2,3,0,0,65.4,0,No
5.65,122,53.21,8.0,81.4,42.0,3,1,1,87.6,1,No
7.27,118,60.79,5.0,32.1,46.5,2,0,1,99.4,1,No
6.14,96,58.02,2.9,88.0,57.9,2,1,0,72.0,0,No
7.67,122,64.47,6.8,81.8,54.0,2,1,0,94.2,5,No
6.28,102,54.44,7.9,58.1,37.5,0,0,0,82.4,1,No
8.75,94,77.27,6.3,73.2,52.1,2,1,1,68.6,0,Yes
6.42,90,62.63,5.7,65.0,53.6,4,0,3,70.7,0,Yes
6.88,95,66.49,6.2,83.4,43.6,4,1,1,82.2,1,Yes
8.01,94,65.89,5.8,79.7,56.4,5,0,1,78.0,1,Yes
5.97,102,54.0,4.1,44.0,49.4,1,1,1,68.9,0,No
7.43,102,63.3,5.2,73.8,48.1,3,2,2,65.1,0,Yes
8.51,100,70.27,7.4,61.9,59.2,2,1,5,73.5,0,Yes
5.59,106,49.25,7.1,66.2,39.0,1,0,2,83.9,0,No
7.38,117,64.92,6.8,54.1,57.2,1,2,3,81.9,0,Yes
7.46,114,79.27,4.7,91.2,56.9,2,0,3,77.0,1,Yes
7.98,77,74.0,6.2,80.6,54.1,1,0,1,84.0,0,No
5.96,70,46.78,2.6,53.9,42.3,1,3,2,92.4,0,No
5.88,114,50.09,6.8,45.0,38.2,2,1,1,85.9,1,No
7.72,79,74.6,9.1,59.2,42.2,1,1,0,80.8,1,Yes
7.5,96,77.92,3.8,71.5,54.5,4,1,1,91.3,0,Yes
7.45,82,59.12,5.4,68.6,67.3,1,1,5,72.4,2,Yes
7.55,72,58.52,7.1,83.8,45.8,1,2,1,79.8,0,No
6.52,108,68.03,8.8,76.8,39.5,3,1,2,80.0,0,Yes
7.43,111,68.84,5.7,79.5,45.1,3,1,1,69.6,0,Yes
7.49,91,63.1,5.3,69.9,58.2,1,0,2,77.8,1,No
6.49,70,61.04,3.0,44.2,49.0,2,1,5,61.3,0,No
9.07,91,68.41,6.7,62.1,62.2,3,1,0,100.0,0,Yes
7.67,105,69.08,10.0,80.9,46.4,2,1,1,72.6,3,Yes
6.01,77,55.72,7.0,64.2,42.8,3,0,2,97.9,1,No
7.86,102,75.33,6.5,72.5,42.5,3,1,1,82.4,0,Yes
6.23,99,50.96,7.1,60.2,44.7,3,2,3,87.6,0,Yes
7.99,108,72.31,6.5,,62.9,2,2,2,77.1,1,Yes
8.36,101,70.6,5.0,63.1,48.5,5,2,4,84.1,1,Yes
6.38,85,58.69,8.0,69.6,32.4,3,0,2,88.5,0,No
8.16,117,68.99,6.9,55.2,69.8,4,0,0,88.6,0,Yes
7.61,97,66.47,6.5,61.5,48.4,1,0,1,89.7,0,No
8.02,99,67.22,4.7,50.9,65.2,0,2,2,78.3,0,Yes
9.1,86,85.13,8.8,81.8,62.4,3,2,1,77.2,0,Yes
6.95,93,66.88,7.7,60.6,47.4,2,3,3,66.1,0,Yes
6.45,86,56.84,5.5,86.8,48.6,2,1,1,87.2,0,Yes
6.31,97,56.99,8.3,87.9,37.1,1,2,4,92.8,0,Yes
6.38,125,50.21,5.6,63.8,45.7,5,2,2,98.2,0,Yes
7.12,79,62.61,5.1,49.9,46.8,3,1,0,85.1,0,No
7.54,75,67.62,5.1,33.7,42.2,1,1,3,74.3,0,Yes
7.48,122,80.39,3.3,42.9,55.0,6,1,0,65.0,0,Yes
8.03,96,66.68,7.3,44.4,54.1,2,0,1,92.4,1,Yes
7.21,89,72.24,3.2,85.7,49.2,0,0,3,64.0,0,No
8.65,115,82.87,,66.7,50.9,5,3,0,78.6,3,Yes
6.94,90,63.82,2.8,70.8,61.3,0,1,4,79.8,0,No
9.92,127,98.07,6.3,31.7,76.5,2,1,0,81.3,0,Yes
7.83,110,72.29,6.2,47.0,62.5,3,2,4,82.4,2,Yes
6.34,92,59.03,5.9,78.3,42.0,2,0,2,83.4,1,No
6.13,132,54.9,4.6,69.3,29.1,2,1,2,57.8,0,No
7.68,90,75.26,4.4,62.8,69.4,7,0,2,82.1,3,Yes
6.98,111,68.27,7.3,73.5,48.3,2,0,1,59.7,0,No
7.91,104,68.1,5.5,89.5,49.4,5,2,1,89.3,0,Yes
7.67,119,62.46,7.1,61.7,57.0,3,0,0,76.4,1,No
7.13,123,63.13,4.9,66.0,59.2,3,1,4,60.4,0,Yes
6.35,100,53.18,6.8,67.9,44.3,2,0,1,73.9,0,No
5.69,88,50.85,8.8,100.0,50.0,2,0,0,76.3,0,Yes
6.75,106,66.97,7.6,33.5,55.9,2,4,1,93.9,0,Yes
8.06,89,70.22,5.8,75.2,47.8,5,0,1,84.0,1,Yes
7.41,130,66.51,7.0,63.3,46.5,2,0,1,85.4,0,Yes
5.95,102,53.88,6.1,73.5,49.3,5,0,0,93.8,1,No
7.37,94,70.6,6.5,55.1,29.9,5,3,1,81.0,1,Yes
7.59,102,57.03,5.9,64.3,51.9,2,2,2,89.5,1,Yes
6.32,79,53.81,6.2,75.7,32.8,3,1,3,88.8,0,No
7.35,85,67.24,6.9,,47.7,4,0,1,69.1,2,Yes
7.26,118,71.32,4.7,77.1,48.4,3,2,0,96.7,1,Yes
6.06,90,52.05,4.7,52.3,39.5,2,0,2,67.8,1,No
7.56,84,58.64,4.0,58.6,48.5,6,3,2,91.2,0,Yes
7.76,108,72.95,3.6,58.2,45.5,1,0,1,66.8,0,Yes
8.28,117,71.37,4.3,38.1,76.3,3,0,0,88.0,0,Yes
8.25,110,68.34,6.8,60.0,72.7,3,0,1,100.0,0,Yes
5.82,114,49.28,4.9,76.0,31.5,3,0,2,79.9,0,No
6.26,88,55.44,7.4,45.9,56.5,2,0,0,79.4,0,No
7.72,78,66.41,6.6,80.7,50.8,5,1,4,88.1,0,Yes
7.71,122,58.4,3.0,72.3,55.0,2,1,0,78.7,0,Yes
7.72,95,73.92,7.7,54.0,53.5,1,1,4,100.0,1,Yes
10.0,96,96.37,8.0,62.9,64.7,2,1,3,,2,Yes
7.77,119,73.2,4.7,,62.3,1,3,1,78.8,1,Yes
8.34,108,69.33,7.3,76.0,59.4,0,2,0,76.6,0,Yes
8.15,106,72.38,5.0,65.1,53.3,3,2,1,72.7,0,Yes
7.85,132,70.63,6.7,61.4,44.5,3,3,1,75.7,0,Yes
6.88,90,64.96,4.2,66.1,41.0,4,2,3,78.5,1,Yes
7.96,113,74.97,3.3,57.3,42.6,1,1,3,77.1,0,Yes
6.43,100,54.17,5.8,33.4,45.1,3,0,0,75.4,1,No
6.96,104,63.08,6.3,95.6,39.2,3,0,1,100.0,0,Yes
6.71,122,62.72,5.8,67.3,44.9,0,0,2,71.7,1,No
7.28,107,72.82,4.4,71.0,61.9,1,0,1,83.5,1,No
9.51,108,89.15,5.8,64.1,76.2,4,1,3,87.9,0,Yes
5.33,116,51.94,7.0,54.0,37.1,1,2,2,88.3,0,No
7.89,94,71.4,6.4,62.2,54.5,2,0,2,81.4,0,No
5.59,87,57.34,6.8,41.0,54.1,3,3,0,79.6,1,No
6.73,84,62.6,5.3,99.2,51.3,1,4,1,86.5,0,Yes
8.29,70,70.3,8.6,46.5,55.4,3,2,2,84.7,2,No
7.26,130,72.4,4.4,49.5,39.4,2,0,1,79.4,0,No
6.12,83,58.59,7.4,58.4,46.0,5,1,1,66.4,0,Yes
6.48,96,56.15,8.6,84.3,52.0,1,0,1,,0,No
7.88,95,68.52,7.4,65.2,50.1,1,0,6,70.5,1,No
6.47,104,59.71,6.1,46.5,47.6,5,1,0,75.3,2,No
7.42,112,69.06,5.5,83.8,49.0,0,0,0,82.3,0,No
7.25,112,66.2,8.4,76.0,49.2,2,0,2,85.6,3,No
6.55,91,60.49,3.9,73.1,25.9,2,1,5,99.8,0,No
9.34,97,92.6,4.8,75.7,63.6,3,0,1,76.6,1,No
7.83,104,75.86,5.8,100.0,62.6,1,1,1,89.7,0,Yes
5.17,96,47.53,8.7,97.8,31.2,4,0,3,85.1,0,Yes
7.39,124,71.18,7.2,54.7,52.1,4,0,1,95.0,1,No
6.54,107,53.68,4.8,89.4,39.7,2,0,0,87.8,1,No
8.05,111,74.46,5.9,70.7,59.3,2,2,1,71.9,1,Yes
6.41,109,66.71,5.4,72.5,43.1,2,0,0,64.8,0,No
7.09,117,62.68,5.2,39.6,42.1,2,1,1,85.1,2,No
7.7,102,65.11,8.3,62.4,64.6,5,0,3,76.7,0,Yes
8.07,80,69.33,4.0,52.8,63.9,4,1,1,72.2,1,Yes
6.0,105,48.55,9.4,77.4,37.2,0,0,2,69.3,0,No
6.87,90,57.87,8.0,81.1,52.0,3,2,2,83.6,1,No
6.73,92,58.67,8.5,33.9,51.4,3,3,2,97.1,0,Yes
6.55,108,51.89,5.7,64.7,51.0,2,1,1,77.9,0,No
8.97,118,80.77,6.2,81.8,49.2,2,1,2,87.9,0,Yes
7.6,100,72.96,3.9,62.2,61.3,3,0,1,81.0,2,No
5.94,104,48.91,5.6,75.9,37.0,6,1,0,69.1,1,Yes
8.12,125,80.66,7.4,70.3,54.0,1,1,0,89.3,1,Yes
9.32,103,86.45,8.8,70.1,86.4,0,1,3,71.1,0,Yes
8.23,139,79.25,4.5,60.9,60.0,1,0,2,82.2,0,No
5.68,108,47.84,5.8,46.8,36.7,1,2,1,78.6,1,No
6.72,73,64.71,6.2,48.2,29.4,0,0,0,90.9,0,No
8.47,111,70.74,4.0,75.6,70.4,1,1,2,71.4,0,Yes
6.49,105,62.88,7.6,65.3,34.7,4,2,1,85.9,0,Yes
7.64,119,69.65,5.2,62.9,45.5,1,0,1,73.6,1,No
7.97,110,74.54,6.1,58.6,53.2,6,0,1,76.9,1,Yes
6.27,97,50.58,5.7,60.4,55.2,1,0,2,45.6,1,No
7.14,81,59.79,5.1,80.7,56.2,2,3,3,100.0,1,Yes
4.0,96,40.0,6.5,60.0,26.7,3,0,3,87.5,2,No
6.18,87,50.84,6.1,44.9,45.7,0,1,0,74.3,0,No
6.95,91,64.84,5.8,76.2,43.8,6,1,2,70.8,2,Yes
5.95,108,46.73,5.2,61.9,42.8,4,2,3,77.0,0,Yes
8.83,125,83.73,7.1,65.5,62.4,1,0,3,89.2,0,Yes
5.77,105,45.77,,89.1,48.1,2,1,2,63.1,0,Yes
6.76,82,63.6,6.8,64.7,55.1,7,2,1,80.6,1,Yes
7.33,106,69.1,8.3,69.3,55.3,2,1,2,99.7,0,Yes
8.64,117,74.29,4.0,47.3,57.6,2,0,2,70.7,1,No
5.76,90,54.79,6.8,61.7,46.3,5,0,1,82.8,4,No
8.36,97,76.57,4.5,74.1,57.8,4,2,1,100.0,0,Yes
7.21,100,62.2,3.8,41.7,41.8,1,0,1,88.3,0,No
6.22,88,50.92,5.2,68.0,40.3,4,3,3,83.3,0,No
7.66,109,59.15,8.6,66.5,54.3,2,2,1,87.1,1,Yes
7.4,98,68.34,8.2,65.6,59.1,5,1,0,78.0,2,No
6.6,106,51.57,6.9,80.6,44.7,2,1,1,95.0,0,No
7.27,86,65.9,3.7,70.0,41.2,1,0,5,78.0,0,No
6.81,93,60.01,6.1,87.2,48.2,0,3,0,62.4,2,Yes
7.31,110,69.22,7.0,50.1,52.1,2,1,0,78.1,0,Yes
7.86,94,69.25,6.8,67.0,56.5,1,0,1,72.3,0,Yes
8.79,125,77.43,3.2,66.3,68.9,1,1,3,79.2,1,No
5.96,94,57.32,4.9,49.0,49.9,1,1,1,79.4,0,No
9.33,103,85.67,6.4,79.3,60.6,3,2,1,94.0,3,Yes
5.25,113,48.81,7.5,99.9,31.8,6,4,1,89.0,1,Yes
7.05,78,65.78,2.5,64.7,41.0,2,0,0,84.6,0,No
7.79,73,62.42,6.2,72.6,60.1,0,0,1,82.0,1,No
7.48,77,71.11,6.8,66.3,64.0,1,0,1,71.4,0,No
6.58,118,62.26,8.0,54.3,43.5,2,0,1,60.2,1,No
6.99,91,57.84,7.7,37.7,47.0,5,1,1,83.1,1,Yes
6.71,138,59.14,7.5,54.4,58.7,4,0,1,89.9,0,Yes
6.61,91,59.3,5.1,44.1,50.3,1,0,0,80.9,1,No
8.05,102,71.77,3.1,90.6,59.8,2,2,1,76.7,0,Yes
7.56,123,69.68,5.8,63.3,43.4,4,1,1,86.6,1,No
6.51,130,65.72,8.3,59.8,51.0,3,2,1,81.2,1,Yes
8.1,130,78.31,9.0,78.3,49.3,2,2,1,98.9,1,Yes
7.51,118,61.0,7.8,48.2,43.5,2,1,4,94.3,2,Yes
8.01,115,75.23,7.3,53.5,53.3,2,0,0,91.6,1,No
7.83,108,77.11,7.2,66.0,50.1,0,0,0,89.6,0,Yes
6.37,111,59.27,5.5,80.4,42.8,5,0,1,69.1,1,No
6.64,91,65.21,6.3,72.5,35.0,3,0,0,88.6,0,No
7.95,87,81.59,9.5,68.7,63.3,3,1,1,85.8,0,Yes
7.81,99,75.41,4.8,66.2,63.7,2,1,0,88.1,1,No
7.18,97,65.86,9.4,71.0,34.7,5,4,2,86.9,0,Yes
7.32,93,71.08,5.9,68.0,59.0,2,0,2,86.5,3,No
8.48,110,77.02,8.9,49.6,52.9,2,1,1,100.0,1,Yes
6.61,114,59.6,4.0,65.7,53.1,2,0,1,81.2,0,No
7.75,101,67.97,7.6,48.9,53.7,0,0,0,91.4,2,No
7.0,122,70.8,5.2,66.2,49.2,3,2,0,77.3,0,Yes
6.98,82,58.75,4.0,57.8,47.4,4,4,3,89.9,0,Yes
8.3,97,82.35,6.9,100.0,67.8,1,0,3,91.4,1,Yes
8.03,89,74.73,8.3,64.4,46.3,4,3,1,85.6,1,Yes
8.01,72,65.13,5.0,43.9,61.0,3,0,0,98.7,0,No
8.51,98,78.39,3.8,63.0,68.3,2,1,3,73.2,2,Yes
7.22,98,54.49,6.3,72.8,56.3,5,0,2,77.1,0,No
7.88,122,74.07,6.3,90.1,73.8,3,0,0,84.1,2,No
6.89,109,66.43,7.5,56.2,44.0,2,0,3,90.8,0,Yes
7.52,84,64.76,8.2,41.3,60.3,4,1,0,83.8,0,No
7.07,127,64.25,6.4,77.3,48.6,2,0,2,94.9,0,Yes
7.3,118,75.44,9.8,44.3,60.9,2,1,2,75.4,1,Yes
7.8,108,67.63,6.9,58.5,54.5,3,0,0,70.6,1,No
6.38,96,52.14,5.9,61.1,41.6,5,0,2,85.1,0,Yes
9.29,85,91.04,3.6,64.0,75.5,2,0,3,81.2,0,Yes
6.19,94,65.56,6.0,75.3,39.4,2,0,1,87.4,0,No
5.99,116,53.89,5.9,54.7,30.6,2,0,0,81.7,0,No
8.36,128,80.28,8.2,60.9,54.4,4,1,1,78.6,0,Yes
7.99,123,78.63,7.3,64.8,60.9,4,0,3,81.3,1,Yes
7.82,92,66.7,4.4,67.2,65.9,1,1,3,82.3,2,No
7.83,83,68.03,6.8,66.5,55.7,1,2,5,79.0,1,Yes
7.19,102,70.84,7.7,71.5,60.9,1,1,2,80.0,1,No
6.3,73,65.15,9.3,77.7,33.3,0,0,1,78.0,0,No
7.28,104,68.3,8.1,70.9,47.4,5,1,2,90.6,0,Yes
6.52,97,54.31,7.9,71.8,43.4,0,2,3,83.9,3,No
8.18,93,83.51,6.6,41.3,56.3,3,1,2,100.0,0,Yes
7.05,76,60.82,7.2,65.8,50.0,4,3,2,83.6,3,No
6.37,107,55.69,8.7,72.2,50.1,3,1,1,76.5,0,Yes
6.88,92,63.62,4.1,75.9,44.6,1,0,1,100.0,1,No
7.61,82,76.29,5.9,54.6,54.4,3,1,1,86.1,1,Yes
6.64,70,64.0,5.1,55.1,46.1,2,1,3,91.9,1,No
6.38,99,59.47,7.2,56.4,37.2,2,1,0,87.9,1,No
7.44,126,69.31,8.7,73.0,51.2,1,0,0,88.2,1,Yes
7.44,124,67.22,5.4,80.5,51.0,2,0,3,87.4,2,No
6.69,93,63.03,2.2,58.9,45.5,3,1,3,71.0,1,No
6.73,90,47.91,5.8,78.6,47.4,3,1,3,85.7,0,Yes
7.43,107,65.41,8.1,66.9,52.6,3,0,1,68.8,0,Yes
5.75,85,52.97,7.5,63.1,36.8,1,0,1,80.3,1,No
5.79,104,46.38,7.3,61.8,50.7,5,1,0,74.7,0,Yes
6.48,111,60.27,6.0,76.2,36.0,3,1,1,85.6,2,Yes
6.99,118,61.86,4.2,69.9,43.1,2,2,0,85.3,2,No
7.51,98,76.38,7.4,99.1,74.8,2,1,1,86.8,1,Yes
8.68,96,85.94,5.0,52.2,52.4,5,0,3,84.9,1,No
8.06,86,70.19,10.0,72.8,45.6,3,0,3,75.9,1,Yes
7.04,87,62.61,7.5,57.1,55.2,4,0,2,79.4,1,Yes
7.18,96,64.26,5.5,52.0,33.6,3,1,0,91.2,0,No
6.2,105,53.52,5.4,64.8,41.5,5,0,2,92.7,0,No
7.18,113,65.61,6.3,67.1,67.4,2,0,1,70.5,1,No
6.91,87,58.41,6.1,100.0,36.0,7,0,1,66.7,0,Yes
7.52,122,62.05,8.5,62.2,36.8,4,0,2,74.7,0,Yes
6.37,95,60.47,6.8,48.0,32.6,1,1,2,92.5,1,No
7.72,99,72.62,5.2,69.1,61.2,1,1,3,94.1,1,Yes
8.73,88,74.57,9.9,33.9,70.1,2,2,0,72.8,0,Yes
7.09,70,68.3,6.6,63.6,45.5,2,2,1,85.1,1,Yes
7.6,113,65.26,7.9,65.2,58.7,3,2,0,100.0,0,Yes
7.89,111,72.28,5.4,76.9,66.4,3,2,3,86.2,0,Yes
6.8,95,65.29,7.2,79.6,61.9,2,3,1,96.2,0,Yes
7.42,101,66.65,7.1,57.4,50.0,3,1,0,92.0,1,No
7.21,107,67.19,3.1,62.7,32.1,3,1,0,72.9,1,No
7.3,76,63.1,10.0,53.5,44.5,2,0,1,80.1,0,Yes
6.43,92,56.86,8.8,48.1,41.6,4,1,2,82.3,0,No
7.22,111,63.99,5.8,69.6,48.5,2,2,0,83.0,1,No
7.7,81,65.55,4.5,45.9,52.4,6,0,3,91.2,0,Yes
8.65,104,76.98,7.1,58.8,69.5,8,1,1,86.1,1,Yes
8.16,79,65.69,6.7,50.1,67.3,2,2,3,52.6,1,Yes
9.35,106,81.72,7.1,73.2,64.1,5,0,1,68.9,0,Yes
6.43,99,56.47,6.8,92.0,53.8,2,1,0,60.1,2,No
8.07,75,71.37,7.4,45.5,59.4,5,0,3,83.8,1,Yes
7.38,117,65.24,9.1,37.2,52.2,3,0,2,84.4,1,Yes
9.39,88,84.2,7.5,63.1,73.0,2,2,1,84.8,1,Yes
6.39,87,59.92,4.6,65.2,45.3,3,2,2,72.4,0,No
6.36,103,61.62,9.0,68.3,61.0,1,3,2,88.7,0,Yes
6.6,117,56.16,9.5,58.3,34.7,3,3,3,89.2,0,Yes
5.08,84,40.0,10.0,62.0,31.4,0,0,1,69.4,0,No
6.67,100,54.86,4.5,70.5,45.7,1,1,1,67.3,0,No
6.44,106,55.53,6.9,80.6,48.6,2,1,0,82.0,1,Yes
7.35,110,64.39,2.8,35.7,61.6,2,1,2,99.9,1,Yes
7.54,102,64.03,7.5,59.5,52.6,0,2,4,99.0,4,No
9.08,94,75.2,5.5,68.2,52.2,0,1,1,87.6,2,Yes
8.15,87,71.07,10.0,51.2,63.8,3,0,3,74.7,0,Yes
6.62,101,60.52,5.1,91.0,52.4,3,0,1,90.9,0,Yes
6.3,83,59.69,3.5,55.5,28.6,1,0,1,77.5,1,No
7.69,70,66.44,5.7,64.4,53.8,3,1,2,74.3,1,No
5.88,106,50.85,2.9,73.3,28.4,5,1,2,60.6,1,No
9.03,113,76.65,7.9,56.1,57.9,4,1,0,83.0,1,Yes
8.38,70,75.26,2.8,37.3,51.4,0,2,3,75.7,0,Yes
6.73,84,56.34,6.6,58.6,53.6,1,0,1,83.0,0,No
5.49,109,52.25,2.8,80.4,39.3,3,1,3,59.0,0,No
8.55,130,68.06,5.9,59.9,49.6,3,0,3,83.7,0,Yes
7.09,100,61.97,9.5,52.3,56.6,2,1,2,57.7,1,No
8.44,89,77.45,7.1,78.9,47.6,7,1,2,92.9,1,Yes
5.61,97,51.37,4.9,60.0,41.9,1,0,1,87.2,0,No
6.6,120,72.87,6.4,57.3,39.7,4,0,2,79.2,1,No
7.21,90,66.6,6.5,67.2,47.5,2,0,2,87.6,0,No
7.25,88,60.2,7.4,76.6,54.8,3,2,2,72.2,0,Yes
6.75,92,60.27,4.0,100.0,51.4,1,2,1,82.7,0,Yes
7.82,85,61.52,7.6,77.4,65.5,6,1,1,89.9,0,Yes
6.13,101,54.79,1.6,82.4,42.3,5,1,2,51.1,0,No
7.06,124,59.35,5.4,57.4,51.9,2,0,1,77.5,0,No
7.32,104,70.46,5.6,49.6,47.7,4,0,4,81.8,1,Yes
7.71,96,66.68,7.6,65.9,55.5,0,2,2,80.0,0,Yes
7.91,95,70.62,6.5,66.6,58.9,3,0,3,96.6,2,No
6.08,76,51.5,4.0,48.8,41.7,2,3,1,70.8,1,No
5.67,113,59.69,4.7,62.4,25.2,4,1,0,75.8,0,No
8.48,98,74.69,6.9,71.0,62.0,2,0,2,62.8,2,Yes
7.53,97,76.95,6.4,70.4,55.6,3,0,1,97.1,1,Yes
6.45,145,62.13,5.5,72.6,39.7,6,1,3,79.5,0,Yes
8.75,104,81.17,5.6,69.4,51.0,2,1,3,77.6,0,Yes
7.32,88,67.68,7.8,57.4,63.0,3,0,0,81.5,0,No
8.38,93,77.38,5.6,57.3,62.6,2,1,0,88.4,1,No
7.27,117,55.77,6.3,47.0,49.0,5,0,0,85.5,1,Yes
9.26,101,81.95,10.0,91.8,55.7,3,1,5,100.0,0,Yes
8.96,78,84.82,3.9,65.2,56.1,3,4,4,,1,Yes
6.95,113,62.31,3.2,,59.1,4,1,3,77.3,0,Yes
8.17,89,66.52,7.9,51.1,58.3,3,0,1,76.4,0,Yes
7.85,128,70.35,5.3,100.0,50.5,8,0,1,78.1,1,Yes
8.57,116,85.64,5.9,48.9,64.1,4,0,2,67.0,0,Yes
6.24,93,62.35,5.1,58.6,37.1,1,1,1,82.4,1,No
7.89,119,70.66,6.0,71.2,67.2,3,1,0,89.8,0,Yes
8.26,101,79.08,9.4,74.0,68.6,0,2,1,75.9,0,Yes
5.44,112,47.14,7.9,79.4,34.4,2,1,1,73.9,1,No
6.02,107,45.63,8.1,92.1,37.1,2,0,0,97.2,1,No
5.16,87,41.82,4.0,72.6,20.0,1,2,2,67.7,0,No
6.93,90,70.19,4.4,49.2,36.7,3,0,3,61.3,0,No
7.92,115,69.89,1.4,61.1,44.7,3,0,2,70.5,0,No
8.7,94,77.1,5.0,69.6,62.0,3,2,6,66.6,1,Yes
7.27,93,63.97,8.2,96.0,48.3,0,2,2,85.9,1,No
8.83,85,88.98,7.4,44.0,51.0,3,3,2,78.4,0,Yes
5.82,106,60.51,6.1,83.0,38.5,5,2,5,79.8,0,Yes
5.5,130,60.56,6.5,67.7,42.5,2,0,2,93.5,3,No
7.14,83,63.5,5.3,77.6,54.2,1,1,1,75.1,1,No
7.58,100,69.73,6.9,63.5,37.9,2,1,1,89.8,2,No
7.17,121,56.92,7.9,52.4,49.1,3,0,2,97.1,0,Yes
5.13,98,53.58,3.6,76.3,24.9,5,0,0,77.4,1,No
7.11,106,58.16,7.0,74.8,57.0,1,0,3,89.4,0,Yes
5.9,84,54.14,8.2,79.6,47.5,0,0,3,79.6,2,No
7.87,106,65.34,5.8,64.8,47.9,2,1,1,91.2,0,Yes
7.57,97,65.16,7.8,56.0,46.8,4,2,1,66.3,1,Yes
6.26,114,52.15,10.0,41.6,40.1,1,1,3,65.5,0,Yes
6.69,117,57.14,6.3,77.3,28.8,5,1,3,78.1,1,No
6.14,138,52.57,7.2,71.4,45.7,2,0,1,73.1,1,No
7.14,108,61.49,5.2,50.5,47.8,1,0,1,76.8,2,No
8.16,104,77.56,6.8,56.9,64.8,2,0,3,79.8,2,No
6.21,102,50.4,7.3,58.0,34.7,5,1,3,89.2,1,Yes
7.7,94,70.44,6.9,42.8,49.0,0,4,0,77.9,0,Yes
6.67,105,66.12,4.7,52.7,34.6,4,1,1,73.8,1,No
6.41,95,55.1,6.9,48.0,36.8,3,3,3,78.5,1,Yes
7.09,102,60.25,9.1,58.8,40.2,1,1,1,74.3,0,Yes
6.16,119,54.33,7.3,53.9,51.1,2,0,3,72.7,0,No
6.65,84,65.72,8.2,40.6,40.9,4,1,0,65.9,1,No
6.0,117,54.99,6.1,95.3,43.0,4,1,1,82.7,1,Yes
9.16,119,79.83,7.8,83.8,61.1,1,2,3,76.3,0,Yes
7.24,98,67.54,7.0,53.3,40.5,3,2,0,91.7,0,Yes
6.5,70,52.99,4.8,69.1,44.2,5,1,3,67.5,1,No
7.41,90,70.13,7.1,71.3,56.7,1,0,0,76.6,1,No
7.09,119,65.83,4.7,82.9,40.0,3,1,1,100.0,0,Yes
6.98,99,61.27,5.4,52.7,55.3,2,2,2,72.6,0,Yes
7.81,85,66.13,6.8,81.4,47.9,2,0,0,79.6,2,No
7.96,92,67.18,7.0,56.8,51.8,1,1,0,69.8,1,Yes
6.67,112,62.7,4.4,45.0,50.9,2,1,0,68.5,0,No
6.62,108,65.76,8.4,75.9,41.1,3,1,1,97.5,0,Yes
6.92,96,59.14,7.5,84.4,48.8,5,0,2,83.7,1,Yes
4.9,94,46.37,5.2,100.0,31.8,5,0,1,83.3,0,No
5.68,94,40.73,3.7,47.0,40.8,2,0,1,65.0,0,No
8.57,86,74.18,6.2,75.5,40.9,3,0,0,85.6,0,Yes
8.84,124,79.45,5.7,58.9,47.3,0,0,0,93.6,0,Yes
6.95,95,58.01,6.7,76.8,53.6,4,2,2,93.5,0,Yes
7.78,118,65.31,5.8,42.9,62.7,2,3,2,88.7,0,Yes
7.51,122,64.26,2.9,46.1,45.3,6,1,4,70.7,1,Yes
10.0,114,91.46,5.8,53.4,68.0,2,0,0,85.1,0,Yes
8.32,93,73.94,5.9,66.2,60.6,4,2,5,88.7,0,Yes
7.07,106,52.46,7.6,55.4,55.1,4,1,3,64.1,1,Yes
6.24,99,45.6,5.2,74.9,27.5,2,0,2,70.8,0,No
5.59,86,47.31,9.5,80.4,32.1,4,0,3,90.9,2,No
7.4,104,68.92,3.1,74.0,49.2,1,3,1,90.8,0,Yes
6.44,82,44.26,8.9,89.3,50.7,1,1,1,66.5,0,Yes
5.78,117,49.5,6.1,71.2,60.4,3,0,2,90.0,1,No
6.55,93,56.35,8.0,46.7,44.0,4,1,3,83.0,1,No
6.12,103,62.01,6.6,85.5,31.6,2,0,1,89.8,0,No
8.89,104,78.06,8.6,55.9,65.4,2,1,2,75.7,1,Yes
8.08,96,74.65,5.8,78.7,67.1,4,0,2,88.5,0,Yes
7.19,108,65.43,4.5,88.6,51.2,2,0,1,90.4,0,No
8.68,92,67.47,9.1,71.9,53.5,1,0,3,78.5,0,Yes
7.28,113,69.34,6.3,42.6,58.6,3,0,3,82.2,1,No
6.34,79,58.13,6.9,51.2,49.7,0,0,3,75.5,1,No
8.72,101,81.05,8.7,84.8,52.9,1,1,5,98.5,0,Yes
7.74,129,89.28,4.6,62.5,57.2,3,1,2,80.8,3,No
6.16,84,45.04,7.6,66.2,51.1,3,1,0,72.8,0,No
7.01,89,71.71,5.4,76.4,58.5,2,0,2,74.8,2,No
6.32,107,55.48,6.3,75.4,43.7,0,1,1,83.3,0,No
5.82,102,53.79,6.6,69.2,37.9,4,0,0,89.5,1,No
8.13,105,72.91,3.8,,66.7,1,0,2,68.6,0,No
9.11,107,79.86,5.1,60.3,54.1,3,1,2,100.0,0,Yes
5.8,109,49.36,8.9,77.9,44.1,1,2,2,85.1,1,No
7.76,116,71.51,8.1,73.3,43.4,3,1,3,86.7,0,Yes
6.55,106,51.36,6.4,61.1,54.4,4,0,0,81.0,2,No
6.71,96,64.17,6.9,81.2,44.9,2,0,3,82.2,0,No
6.61,110,57.39,6.0,63.1,56.4,2,0,0,80.5,1,No
6.34,128,51.37,8.9,52.2,48.3,0,0,1,92.2,0,No
7.25,98,62.99,6.1,53.6,41.0,3,0,3,81.9,0,No
6.37,85,63.61,6.9,50.3,56.0,2,0,0,89.7,1,No
7.47,116,64.56,8.6,60.9,64.7,3,3,1,77.7,0,Yes
7.15,98,66.14,5.1,83.5,57.1,2,1,0,84.0,0,Yes
6.96,70,58.99,9.3,52.9,42.6,6,0,0,74.0,0,Yes
6.29,112,60.42,3.7,67.8,41.6,3,0,1,94.2,2,No
6.62,91,63.04,9.4,55.1,47.5,1,2,3,73.7,0,Yes
7.96,98,80.84,5.8,61.1,50.1,2,0,1,78.8,0,No
7.7,104,68.43,6.1,42.3,67.4,3,1,1,78.9,1,No
6.22,102,59.35,3.1,61.7,44.7,5,0,4,78.5,0,Yes
7.3,110,66.18,5.7,62.1,29.5,4,0,2,89.2,0,Yes
7.95,93,78.04,4.6,73.1,58.4,1,1,1,78.8,0,No
5.53,107,46.18,5.4,68.3,35.9,0,0,1,95.9,0,No
7.74,96,73.42,6.3,47.0,53.6,7,0,0,73.8,0,Yes
6.54,111,57.86,8.2,81.3,42.8,4,2,3,83.7,0,Yes
7.77,109,69.61,6.9,68.2,60.9,1,4,1,74.2,0,Yes
6.44,85,58.39,7.1,68.0,54.0,1,1,4,86.2,1,No
5.4,116,49.82,4.5,64.9,40.0,5,2,2,81.8,0,Yes
5.57,91,49.57,4.9,57.2,36.3,7,4,2,80.4,2,Yes
7.25,112,66.31,9.7,68.3,50.4,2,3,3,93.9,1,Yes
7.46,105,75.03,5.2,72.1,52.4,4,1,1,75.5,2,No
6.3,127,61.59,9.5,38.8,37.7,2,0,3,87.9,0,Yes
7.84,96,74.89,6.1,56.9,59.5,1,2,0,74.3,0,Yes
5.54,94,47.57,6.5,61.2,42.4,5,0,6,83.1,1,No
7.13,99,59.76,8.4,68.8,62.3,6,3,3,70.0,1,Yes
5.99,95,58.68,8.8,82.9,52.0,1,0,0,75.4,0,No
6.55,111,63.31,6.3,53.4,40.4,2,0,1,81.2,1,No
7.25,75,72.59,5.8,57.5,57.3,0,0,1,100.0,0,No
6.34,84,54.04,6.4,57.3,36.8,2,1,1,83.0,0,No
6.82,83,60.19,7.1,53.0,53.3,4,1,2,98.5,1,Yes
8.21,114,65.66,8.1,59.8,53.3,2,2,0,84.2,1,Yes
6.62,125,57.65,6.5,76.6,38.2,2,1,1,78.1,2,No
8.04,98,77.3,7.6,49.2,58.5,1,0,2,97.4,0,Yes
6.07,97,52.3,9.4,71.4,21.1,3,1,1,86.4,0,Yes
7.73,101,72.77,7.2,39.5,40.1,2,2,5,75.6,1,Yes
8.64,117,76.82,7.1,56.6,59.1,2,0,4,86.7,0,Yes
4.73,86,44.18,3.8,60.1,33.8,1,2,2,79.1,0,No
6.4,103,51.89,1.8,90.1,41.9,4,2,1,62.1,1,No
7.78,114,70.42,7.2,60.9,41.8,4,0,3,91.4,0,Yes
7.0,107,48.02,6.3,32.0,42.4,3,2,2,92.9,0,Yes
7.57,102,67.21,5.6,35.0,56.1,2,2,2,100.0,0,Yes
6.6,115,51.21,6.9,65.5,50.8,6,2,2,86.2,0,Yes
7.29,70,71.61,6.4,74.2,50.9,2,0,6,79.5,0,Yes
7.04,110,67.29,8.5,70.6,58.6,3,1,1,90.3,2,Yes
8.37,90,77.64,6.7,67.5,61.8,2,1,0,90.5,0,Yes
7.45,72,74.69,5.2,82.4,46.2,5,1,0,98.4,1,Yes
7.54,107,63.09,8.3,56.9,50.5,2,2,0,81.6,0,Yes
6.79,120,69.83,6.1,78.4,36.3,2,2,2,80.3,2,Yes
6.71,97,65.07,7.4,40.5,46.1,5,1,4,,2,Yes
6.77,114,59.72,5.6,51.4,56.3,2,1,1,87.4,1,Yes
7.59,124,74.03,5.3,37.9,58.6,2,0,0,66.5,0,No
6.78,119,55.48,6.7,60.9,58.7,6,1,2,89.8,0,Yes
7.49,124,63.29,6.5,64.3,50.0,0,1,0,87.9,1,No
9.28,111,80.44,7.4,66.7,75.7,4,1,0,87.9,0,Yes
8.07,101,70.0,6.0,65.9,55.0,0,1,2,83.4,0,Yes
6.87,75,56.58,3.2,51.1,59.9,3,2,0,97.3,0,Yes
8.4,96,81.73,5.7,62.1,58.6,2,2,1,90.7,2,Yes
6.79,87,59.83,7.9,42.5,53.2,3,1,1,75.9,2,No
5.16,132,48.22,6.0,85.4,47.9,4,0,3,76.1,1,No
6.19,97,52.88,6.1,60.4,41.8,2,4,1,73.2,0,Yes
5.33,101,40.0,8.3,57.7,39.1,8,0,2,87.5,0,Yes
6.85,108,62.99,5.2,88.8,58.3,0,1,3,72.0,1,No
7.22,100,55.4,3.7,46.4,49.5,6,0,1,92.8,1,No
8.88,125,79.54,6.2,48.1,51.6,3,2,2,95.2,0,Yes
7.53,90,60.9,5.6,48.6,69.8,1,2,2,73.2,0,Yes
6.98,102,72.76,4.8,64.0,45.1,1,1,0,80.1,0,No
8.03,88,76.82,6.2,71.5,57.5,2,3,4,82.2,0,Yes
4.99,80,45.43,7.4,76.1,44.2,3,0,3,90.8,1,No
7.44,90,73.24,6.5,,47.2,5,0,3,98.1,1,Yes
7.97,99,67.51,7.1,31.3,47.7,0,1,2,65.1,1,No
5.72,93,54.21,9.8,74.1,42.1,1,1,3,78.8,2,No
8.34,89,76.09,5.9,56.6,44.1,2,1,1,79.3,0,Yes
7.54,78,69.17,7.0,56.2,50.5,3,1,1,68.0,2,Yes
6.78,98,67.42,5.6,55.7,49.5,2,0,1,77.1,0,No
7.83,77,74.16,5.0,51.4,52.7,4,2,3,86.3,0,Yes
9.47,111,86.68,5.4,90.3,53.9,3,0,2,79.2,1,Yes
7.38,101,58.16,5.6,77.6,64.4,2,1,2,66.6,0,Yes
7.45,78,62.23,7.1,65.3,53.0,2,1,4,100.0,1,Yes
6.74,95,60.05,10.0,85.3,58.6,3,0,3,84.7,0,Yes
6.35,88,57.62,5.2,42.3,42.4,2,1,1,83.1,0,No
8.03,104,66.62,5.8,45.0,49.2,1,1,1,71.0,0,No
6.34,120,69.15,6.4,32.3,46.6,3,1,2,84.6,0,Yes
7.27,71,73.03,7.2,54.5,49.2,7,2,1,80.4,0,Yes
6.72,101,63.51,7.0,67.4,37.6,3,4,1,63.1,0,Yes
7.68,97,69.47,8.8,66.5,65.5,2,0,1,71.3,1,No
7.53,110,66.74,2.1,67.2,47.8,5,1,0,89.9,0,Yes
8.24,103,69.38,2.2,43.8,42.9,1,1,1,100.0,0,No
6.69,88,60.6,5.6,77.0,57.5,1,2,2,85.7,1,No
6.93,95,63.66,8.5,68.6,44.5,1,2,2,93.0,0,Yes
6.22,88,49.78,3.7,76.0,38.7,4,1,2,80.4,1,No
6.76,116,62.47,1.1,36.6,33.2,2,1,1,81.1,0,No
7.58,100,67.42,7.5,69.7,67.0,3,2,4,92.9,1,Yes
7.96,128,62.07,6.9,47.2,45.4,3,1,2,98.6,1,Yes
6.28,99,52.2,4.5,59.0,44.4,2,2,1,95.0,1,No
8.07,89,70.56,4.7,73.0,63.8,0,1,0,71.3,1,No
8.56,77,86.44,4.8,66.4,63.3,1,1,1,81.3,0,No
7.61,72,71.3,6.7,52.2,52.8,2,0,0,84.8,1,No
9.08,76,75.01,5.4,65.1,49.9,2,1,1,79.4,0,No
6.43,104,60.27,7.4,42.0,38.5,0,0,1,85.9,0,No
5.96,107,45.86,1.4,82.3,43.2,0,1,3,90.2,1,No
5.42,76,54.2,5.0,61.9,31.7,3,1,2,92.0,3,No
8.7,113,75.91,4.5,81.8,62.5,1,2,2,98.9,1,Yes
7.85,92,70.22,6.0,57.1,60.4,6,0,0,78.7,2,Yes
7.14,102,70.93,5.5,57.1,57.7,3,2,1,68.4,1,No
7.48,124,60.88,7.9,53.5,42.6,0,1,2,85.6,0,Yes
6.07,113,47.69,3.2,78.1,60.1,3,1,1,100.0,0,No
9.65,95,83.89,6.6,54.4,73.7,1,0,1,77.2,4,No
7.33,86,71.15,7.5,74.7,51.3,3,1,1,88.9,1,Yes
7.31,70,58.19,9.8,59.3,59.9,2,2,1,89.0,1,Yes
7.93,89,57.17,5.6,35.4,74.4,2,0,1,83.9,0,No
7.68,96,66.87,7.1,56.4,42.3,1,3,1,82.1,0,No
7.42,85,69.57,3.3,47.3,50.2,5,0,0,72.8,0,No
6.41,98,63.69,2.2,65.5,25.8,2,3,3,59.2,1,No
7.67,101,66.73,8.0,47.1,55.2,0,0,2,70.9,0,Yes
9.08,96,79.68,6.5,78.9,66.5,3,2,2,78.1,1,Yes
8.55,90,82.68,8.6,63.6,59.5,2,0,3,93.0,0,Yes
8.79,102,69.79,4.0,62.3,56.3,4,1,1,81.0,1,Yes
6.69,106,58.26,7.4,74.8,30.4,2,1,1,76.8,1,No
6.21,83,56.85,9.9,79.5,46.5,4,1,3,73.1,0,Yes
7.07,121,65.91,7.3,64.7,61.2,5,1,1,88.6,1,Yes
7.26,98,62.75,7.0,53.4,46.1,1,1,5,95.6,2,Yes
8.29,100,74.82,6.5,38.4,61.6,4,3,0,92.6,0,Yes
5.51,110,40.0,3.7,54.7,26.0,1,4,1,88.1,0,No
8.73,103,75.27,8.9,55.7,64.8,3,1,1,67.2,0,Yes
7.04,114,65.65,5.4,66.6,46.1,2,0,2,78.5,0,No
6.77,104,56.05,7.4,59.8,41.3,4,0,2,100.0,1,No
6.19,90,55.99,3.7,75.3,37.2,1,0,1,,0,No
5.55,105,52.14,4.4,55.8,35.7,5,3,1,66.6,0,No
8.02,82,70.5,9.1,64.1,59.2,3,1,3,81.4,0,Yes
7.27,101,66.31,5.9,82.8,40.4,1,1,1,85.6,1,No
5.91,99,48.38,9.1,70.1,38.2,1,2,5,74.4,0,No
5.9,96,52.11,6.4,64.1,41.0,3,1,1,58.9,0,No
6.86,98,64.83,3.2,56.0,39.3,4,1,3,83.0,1,No
8.87,71,80.61,8.1,55.5,76.5,2,2,3,74.1,1,Yes
6.94,91,59.53,5.4,52.2,41.8,1,1,1,74.2,2,No
5.7,101,52.39,7.8,56.9,34.5,2,1,1,78.5,2,No
6.95,102,66.16,,76.3,40.9,6,0,1,80.7,0,Yes
6.93,84,52.1,3.7,61.7,62.9,3,0,1,81.9,1,No
4.5,118,46.32,6.8,44.8,35.9,4,1,2,,1,No
7.15,87,62.63,10.0,91.5,42.5,0,2,3,79.8,1,No
6.97,114,64.85,7.4,69.8,57.6,3,2,2,64.4,1,Yes
7.9,106,77.05,6.4,43.9,56.9,2,0,0,85.1,1,No
9.05,90,74.58,8.4,58.4,65.4,4,1,0,53.4,0,Yes
8.33,126,71.39,6.9,66.7,55.5,0,1,0,79.1,1,Yes
6.93,82,60.94,6.9,90.6,42.5,3,2,4,91.2,0,Yes
6.09,113,50.92,4.5,48.4,45.4,2,1,0,71.4,0,No
9.77,115,96.63,6.9,79.6,64.1,1,3,0,89.2,2,Yes
7.26,89,61.05,8.4,86.0,65.3,3,0,1,93.6,0,Yes
7.21,120,62.15,5.0,55.6,40.3,2,1,3,48.9,0,No
7.18,96,65.6,9.1,60.8,62.5,3,1,2,80.5,0,Yes
7.4,104,60.57,6.3,49.5,50.9,2,3,1,53.2,0,Yes
7.06,103,61.52,4.9,61.9,51.8,2,3,0,80.8,0,Yes
6.63,97,61.22,8.3,64.5,53.0,4,1,1,81.9,0,Yes
6.65,112,58.21,6.0,74.9,41.5,3,1,2,57.2,0,No
7.17,111,64.04,7.9,81.4,57.1,3,1,1,100.0,0,Yes
6.66,73,57.26,6.0,53.8,24.9,6,1,1,84.9,3,No
6.49,119,50.81,6.4,35.5,39.7,2,1,2,73.5,0,No
7.31,75,67.37,7.4,64.7,43.8,5,1,1,96.7,1,Yes
6.95,115,71.28,7.0,69.4,38.6,3,0,1,64.0,1,Yes
8.7,116,78.43,2.9,68.7,59.2,0,0,0,69.7,2,No
4.55,83,42.07,4.5,60.1,34.9,1,1,2,59.0,1,No
8.29,93,78.09,8.2,66.9,63.7,2,2,0,100.0,1,Yes
8.45,83,69.67,6.3,87.7,61.0,4,1,3,85.3,1,Yes
5.13,96,54.65,5.6,70.7,30.6,2,1,1,88.6,0,No
6.86,95,62.73,4.1,59.4,51.0,6,0,1,85.0,1,No
6.83,111,69.62,4.6,57.5,48.8,3,2,2,87.7,1,Yes
5.79,119,48.47,2.9,62.5,48.0,4,1,0,82.8,2,No
6.42,120,66.89,6.3,89.6,51.2,7,2,3,84.7,0,Yes
6.09,91,58.68,5.4,62.3,42.9,3,0,2,83.1,0,No
8.95,96,83.34,4.8,64.7,55.5,3,0,4,75.9,1,No
8.14,74,74.39,6.4,57.8,51.7,1,1,1,81.5,0,Yes
8.47,87,75.0,7.2,81.5,54.9,3,2,1,84.7,1,Yes
7.92,114,77.3,10.0,94.4,52.9,2,1,2,83.1,0,Yes
6.07,124,55.34,3.8,71.8,44.6,4,2,2,67.2,0,Yes
6.68,81,50.24,8.6,66.2,52.4,4,1,1,68.6,0,Yes
7.69,91,63.62,8.3,65.6,53.4,1,0,2,92.8,1,No
5.98,99,52.87,5.1,29.2,42.0,4,1,1,78.9,1,No
7.91,104,72.77,6.9,76.2,56.5,4,1,1,87.8,0,Yes
6.96,87,62.35,5.7,67.0,44.6,2,1,1,71.1,1,No
6.83,106,67.52,6.8,71.4,40.4,5,2,4,67.3,1,Yes
7.91,92,61.44,9.2,54.3,41.3,1,0,3,73.6,0,Yes
7.64,99,69.52,7.6,59.2,47.9,3,1,2,79.8,1,Yes
6.84,108,52.46,7.4,58.8,51.7,1,0,4,75.3,0,No
8.36,100,79.03,5.7,80.3,52.9,2,0,2,94.9,0,No
6.12,93,54.6,,59.3,40.9,2,3,3,83.8,1,No
7.82,98,72.44,6.1,96.2,58.4,1,3,3,100.0,1,Yes
7.79,98,65.82,8.7,71.5,58.7,0,0,3,86.0,0,Yes
6.89,94,68.41,3.8,45.9,39.6,1,1,4,57.9,0,No
7.53,96,72.94,4.6,63.1,60.7,3,0,1,92.6,2,No
5.95,123,56.46,6.7,55.2,50.7,5,0,3,66.9,1,Yes
8.12,108,72.47,4.7,32.1,47.8,3,2,1,84.3,2,Yes
7.02,95,66.04,5.1,89.0,42.5,4,3,4,74.3,1,Yes
6.68,110,56.56,5.7,75.5,56.3,1,0,0,100.0,1,No
8.25,94,78.52,4.0,73.0,56.6,1,1,4,96.4,0,Yes
6.5,117,66.71,4.7,67.5,27.7,3,1,4,74.6,1,No
5.79,105,57.48,7.8,44.3,29.3,5,1,2,80.7,0,Yes
5.64,98,47.14,4.1,57.7,37.5,6,0,0,84.4,0,No
7.81,106,72.06,3.6,77.6,45.3,3,1,0,90.6,0,No
5.92,76,46.81,5.4,49.2,38.1,1,1,2,82.3,0,No
8.95,83,83.46,7.8,27.0,62.9,2,1,0,71.8,1,Yes
5.12,82,48.32,6.1,61.6,47.5,1,1,2,74.8,1,No
8.9,102,70.72,5.7,62.9,60.0,2,2,2,82.0,0,Yes
7.41,125,60.89,6.6,67.0,60.5,1,2,1,94.3,0,Yes
7.1,133,62.51,3.4,75.9,61.2,3,2,1,86.3,0,Yes
6.66,109,58.39,7.4,74.6,58.1,0,0,0,74.3,1,No
7.6,107,62.34,7.2,68.9,55.5,3,2,2,88.5,0,Yes
7.16,72,66.41,5.8,82.9,34.4,4,2,0,78.1,0,Yes
8.3,91,75.99,,42.2,61.8,3,0,2,90.9,1,Yes
7.31,88,64.86,4.5,72.6,59.6,1,0,1,100.0,0,No
7.35,90,62.37,8.5,74.4,50.8,1,3,1,78.4,1,Yes
6.84,97,66.77,6.8,46.4,61.8,4,2,1,90.0,2,Yes
7.14,92,72.56,5.9,42.5,56.9,2,2,1,74.5,0,No
7.51,70,65.15,6.5,53.8,57.1,2,0,1,80.9,1,No
5.49,111,46.35,6.3,55.1,47.1,1,2,2,82.3,2,No
5.85,83,55.12,8.7,76.3,43.6,2,2,2,80.1,1,No
7.94,103,69.7,4.6,55.8,35.7,2,1,2,100.0,0,No
7.37,131,65.64,5.1,52.2,47.6,3,0,0,78.9,1,No
7.02,86,66.84,8.4,55.8,58.7,2,1,4,87.9,1,No
7.22,70,55.42,5.4,81.8,44.1,2,3,3,62.7,1,Yes
7.55,95,74.52,8.1,65.2,51.0,4,0,2,86.3,1,Yes
6.66,116,60.31,9.6,62.3,38.3,2,1,2,93.4,2,No
6.42,129,55.74,5.8,63.3,59.2,4,3,0,76.7,5,No
7.4,81,66.12,7.7,84.4,65.2,0,1,0,56.9,0,No
6.22,107,55.81,4.4,53.8,36.5,0,0,2,81.6,0,No
7.61,93,59.82,7.9,84.7,54.4,1,1,1,82.2,1,Yes
5.5,98,56.95,6.9,68.2,33.0,3,1,0,89.2,1,No
8.23,139,74.27,7.4,62.6,62.5,5,0,2,100.0,0,Yes
7.67,77,71.27,5.3,100.0,57.8,1,1,3,78.2,2,No
7.46,103,71.86,3.5,49.2,58.7,2,0,1,73.4,2,No
8.18,107,68.54,7.4,59.7,59.9,2,0,1,70.3,0,No
8.87,116,82.16,2.8,46.5,85.5,0,0,1,84.0,0,Yes
8.21,101,72.59,5.9,79.3,49.3,0,1,1,86.8,0,No
5.36,104,52.47,8.2,90.3,23.8,0,1,2,76.5,0,No
5.92,94,42.65,6.8,90.0,38.3,1,2,3,89.8,0,Yes
6.58,104,58.68,10.0,83.4,33.5,2,2,2,86.7,0,Yes
7.23,94,62.02,8.3,62.0,38.6,1,1,1,82.4,1,No
7.72,109,71.62,5.3,59.5,46.0,4,1,2,73.0,1,No
6.47,94,60.62,6.5,39.9,37.9,6,0,2,77.2,2,Yes
7.39,105,62.94,6.4,95.5,44.1,1,0,0,57.7,3,No
6.44,99,54.44,3.7,72.0,49.3,3,0,1,84.4,0,No
6.59,116,58.74,4.8,57.6,42.1,2,0,3,82.3,0,No
5.79,99,47.66,5.5,84.9,39.1,1,0,2,83.9,0,No
6.28,73,60.7,2.8,50.4,51.1,4,2,3,87.0,0,No
5.85,118,50.79,6.6,71.1,34.8,1,0,2,85.9,0,No
6.22,86,41.48,6.1,62.4,41.5,0,2,0,80.9,1,No
8.25,90,72.41,3.5,74.6,60.7,3,3,1,82.5,2,Yes
6.25,91,51.06,7.2,64.0,28.2,1,2,4,68.0,0,No
9.83,120,80.34,7.8,43.2,49.7,2,2,2,76.2,0,Yes
7.69,70,63.05,6.9,66.1,56.6,4,0,2,82.5,2,Yes
7.38,145,67.01,5.9,80.7,55.6,3,1,1,74.6,2,Yes
6.34,115,63.72,7.6,64.6,60.9,2,2,0,90.6,1,Yes
7.9,103,72.67,7.7,76.6,56.6,5,1,3,75.4,0,Yes
6.62,99,56.59,7.1,49.3,52.9,2,0,1,84.2,1,No
7.32,104,68.18,5.0,64.6,49.7,1,1,1,83.2,0,No
9.76,107,85.55,7.0,55.6,70.7,4,1,2,89.5,0,Yes
7.1,109,60.46,8.7,76.2,63.1,4,2,0,91.0,2,Yes
8.35,108,69.37,5.4,65.5,41.5,4,0,3,88.9,0,Yes
6.5,101,49.71,10.0,75.4,48.8,5,2,0,60.9,0,Yes
7.17,97,62.54,5.6,81.3,67.2,3,1,2,93.9,1,Yes
8.97,97,81.53,6.6,75.4,65.1,0,1,1,97.3,2,Yes
6.57,97,58.67,5.3,69.1,59.2,0,2,2,77.2,0,Yes
9.01,117,79.03,6.9,50.0,58.1,4,0,2,84.4,0,Yes
7.91,108,66.44,3.4,65.0,55.1,7,3,1,73.1,0,Yes
6.64,70,62.78,5.5,57.0,46.7,1,0,0,62.5,1,No
7.83,109,63.91,4.5,59.8,37.1,0,1,2,74.6,1,No
8.17,102,77.43,6.7,59.4,47.9,1,0,0,76.6,1,No
7.82,99,65.39,8.3,50.3,46.0,1,1,2,78.5,0,Yes
5.63,94,46.91,7.7,35.6,46.0,3,0,2,72.4,1,No
6.47,116,50.92,2.2,55.0,52.3,1,1,2,74.7,2,No
6.95,114,60.07,10.0,67.9,51.3,2,0,2,81.9,0,No
7.13,88,69.01,7.0,44.8,56.5,2,0,0,74.3,0,No
7.82,106,72.96,5.1,65.2,53.4,0,0,0,87.4,0,No
7.38,85,71.29,6.8,93.5,61.3,6,2,2,88.8,0,Yes
5.86,79,55.39,6.8,80.3,41.1,1,1,1,100.0,2,No
7.58,90,62.7,5.3,89.7,53.5,8,0,1,93.3,2,Yes
7.81,112,68.64,6.9,70.9,52.5,3,0,3,84.4,0,Yes
7.76,114,65.94,5.4,82.5,59.8,3,2,2,75.8,0,Yes
8.28,107,81.18,5.8,54.1,54.6,0,1,3,84.9,1,No
8.03,110,66.32,5.3,55.3,64.0,2,1,2,85.3,1,Yes
7.66,107,73.4,3.9,23.9,44.6,1,2,2,76.9,1,No
7.13,90,68.63,6.8,82.8,41.1,1,3,1,89.8,2,Yes
5.54,106,59.0,7.6,88.1,44.3,2,0,0,68.0,2,No
7.63,112,66.62,7.4,56.7,52.7,1,2,1,79.6,0,Yes
7.41,111,70.23,8.0,61.2,48.2,1,1,2,87.6,0,Yes
7.47,117,78.65,7.1,53.7,59.4,4,1,3,79.1,2,Yes
5.92,110,50.22,5.5,70.7,36.6,4,0,2,79.9,1,No
6.12,105,47.4,8.0,81.9,41.2,0,0,3,80.6,1,No
8.25,116,64.88,4.1,38.9,69.0,9,3,1,73.6,0,Yes
7.16,99,68.01,4.9,71.1,62.4,2,2,1,93.7,0,Yes
7.88,86,61.52,4.8,60.8,67.7,2,0,1,71.8,0,No
7.23,97,63.19,8.4,66.7,48.3,1,0,2,85.2,0,No
7.23,88,67.25,8.2,71.9,60.5,2,0,0,86.1,0,Yes
8.14,89,74.17,7.4,62.2,49.4,2,1,1,72.5,0,Yes
6.68,97,62.28,8.4,63.4,39.5,3,1,0,82.7,0,Yes
7.3,88,66.78,4.9,61.8,32.3,0,0,3,72.9,1,No
6.74,95,67.03,7.1,79.6,60.5,1,1,1,95.9,0,No
6.77,71,56.13,6.3,71.3,40.4,2,1,2,70.6,2,No
6.89,103,58.63,8.0,68.3,47.2,3,3,1,75.5,0,Yes
7.42,100,62.94,6.3,45.9,44.7,2,1,0,69.8,2,No
6.72,87,64.64,5.8,59.3,52.6,1,2,2,68.4,1,No
8.46,109,80.6,7.5,78.5,56.2,3,0,0,97.9,0,Yes
6.31,114,59.0,8.1,65.6,33.7,1,1,0,87.4,0,No
7.01,75,69.04,5.3,74.9,52.6,4,1,1,83.4,1,Yes
6.76,88,54.95,6.4,91.5,35.9,7,1,1,75.4,0,Yes
8.65,88,86.16,4.6,80.6,53.8,1,2,3,91.1,0,Yes
7.4,85,74.19,2.0,66.4,34.9,2,0,0,73.8,0,No
8.23,112,77.76,6.9,57.3,46.2,5,0,3,89.9,0,Yes
5.71,97,60.34,7.6,26.7,41.4,3,1,1,73.3,1,No
7.47,96,58.92,7.0,62.5,36.6,3,0,3,75.6,1,No
8.09,70,70.18,3.0,60.1,44.8,4,2,2,89.6,0,No
7.28,109,61.86,5.9,70.9,51.0,2,0,3,90.6,0,No
8.27,81,78.0,2.5,62.7,53.5,3,2,2,88.0,0,Yes
6.68,100,54.89,9.0,60.2,62.7,3,1,1,71.5,0,Yes
8.61,104,81.27,4.5,38.3,74.9,2,4,1,77.5,1,Yes
9.5,120,92.34,8.8,50.9,59.5,5,0,0,83.6,0,Yes
6.84,80,65.01,8.2,72.1,52.3,6,1,1,73.5,0,Yes
6.75,70,62.21,4.9,90.7,53.3,4,1,1,95.7,0,No
8.65,102,72.94,4.5,63.5,55.8,1,0,3,58.0,2,No
8.78,127,74.78,7.1,69.9,49.5,3,1,1,74.2,0,Yes
6.68,118,66.34,5.0,79.3,46.6,1,2,1,76.9,1,Yes
6.78,103,64.92,6.7,52.8,46.1,3,0,1,53.6,0,No
6.92,92,62.07,5.6,70.5,44.9,1,0,3,68.0,0,No
5.86,112,50.61,3.3,53.9,44.5,3,0,1,88.3,3,No
6.28,85,46.4,2.5,78.0,38.0,2,0,3,82.3,0,No
6.2,107,50.41,6.9,67.3,34.2,2,1,3,97.7,0,Yes
6.43,107,67.45,5.5,69.5,45.9,1,0,1,97.5,0,No
7.17,115,58.09,5.5,53.3,53.2,4,0,2,86.3,2,No
7.43,141,67.86,7.8,75.6,42.6,5,0,0,85.1,0,Yes
8.75,105,83.79,8.6,96.3,68.7,1,3,2,82.7,0,Yes
6.2,92,49.54,6.0,49.9,29.2,1,1,2,55.4,1,No
8.18,99,74.58,5.9,59.9,52.7,3,0,2,68.1,0,Yes
6.99,73,67.56,7.4,68.5,46.8,4,1,0,83.0,0,Yes
7.15,89,64.42,4.1,76.8,45.0,4,1,0,88.2,0,No
7.87,93,85.22,6.9,56.6,50.6,4,1,2,84.9,4,Yes
6.08,92,46.35,7.5,22.5,57.5,1,1,0,73.1,1,No
7.58,102,73.54,7.7,85.4,46.3,1,1,2,91.4,1,Yes
7.37,87,65.43,3.0,76.4,71.1,3,0,1,96.8,1,No
7.69,116,73.09,5.1,38.9,57.3,4,2,3,91.4,0,Yes
7.49,100,69.61,4.9,55.9,53.2,2,3,1,91.9,2,Yes
9.66,99,83.23,6.7,88.5,71.4,0,2,0,76.4,0,Yes
6.56,95,60.21,7.4,86.7,66.2,1,1,3,92.8,2,No
6.67,102,50.73,9.2,79.1,38.7,2,0,1,83.5,1,Yes
6.58,112,62.21,5.6,62.4,37.1,3,2,3,87.1,0,Yes
6.64,86,61.29,5.6,66.2,40.5,0,0,3,85.7,1,No
6.56,90,62.26,8.6,63.0,46.2,1,1,2,80.8,0,Yes
8.39,95,80.79,7.0,81.9,44.9,3,2,1,73.4,0,Yes
8.62,79,79.42,8.8,51.9,60.5,4,0,2,81.2,0,Yes
6.63,87,60.4,7.0,52.9,60.0,3,2,2,91.9,0,Yes
6.37,92,52.9,4.4,80.2,45.8,3,0,3,77.6,0,No
7.67,113,65.48,4.1,64.3,51.4,2,1,1,90.9,0,Yes
6.65,103,65.76,3.7,85.7,41.6,3,1,2,89.4,0,Yes
7.83,102,77.68,7.7,54.9,62.0,0,0,1,79.0,0,No
7.4,112,65.44,8.6,64.2,45.2,4,0,3,95.9,0,Yes
5.68,97,51.39,9.8,51.2,54.6,3,0,1,78.4,1,No
8.75,105,74.2,8.0,65.1,76.7,3,0,0,97.1,0,Yes
9.0,98,86.83,8.6,42.8,65.0,2,1,1,86.3,3,Yes
6.59,103,62.61,5.5,57.7,46.0,2,1,2,81.8,1,No
6.81,91,71.02,4.4,43.5,55.9,0,2,1,73.1,0,No
7.49,70,62.98,8.0,75.4,61.2,0,1,2,81.1,0,No
7.53,97,65.92,7.3,75.7,46.3,3,2,0,80.0,0,Yes
7.86,121,71.88,6.7,39.0,50.8,6,0,1,69.4,0,Yes
9.21,113,86.12,7.2,85.0,53.9,1,0,2,79.8,1,Yes
7.02,114,62.13,7.1,100.0,52.4,1,1,2,74.0,0,Yes
6.4,118,53.25,8.8,65.7,50.1,0,1,2,87.9,0,No
5.82,101,56.79,8.8,55.4,29.9,2,0,3,95.1,0,Yes
6.47,102,61.83,7.5,100.0,41.6,2,0,4,69.7,0,Yes
7.17,90,59.92,8.0,45.2,39.4,4,0,3,99.1,3,No
8.99,95,87.73,7.4,65.3,55.8,3,1,2,80.7,0,Yes
6.68,109,65.99,5.7,67.7,51.2,3,1,0,72.2,0,No
7.42,118,67.49,7.9,85.2,46.1,0,0,4,89.6,0,Yes
7.18,97,65.05,4.0,70.4,47.9,2,1,3,77.5,0,Yes
8.39,93,78.27,8.4,57.5,45.7,1,1,0,81.2,1,Yes
9.73,100,83.23,4.3,50.7,69.6,1,1,1,78.0,0,Yes
6.67,109,60.17,7.0,59.9,46.3,7,2,4,73.8,2,Yes
6.71,78,49.63,5.0,49.9,41.1,5,1,4,89.2,1,Yes
8.24,70,78.58,7.5,65.7,56.2,1,0,1,79.1,0,No
7.88,91,63.13,6.4,56.5,56.6,1,3,4,67.6,0,Yes
9.05,81,88.94,3.6,42.6,56.8,2,1,3,87.5,0,Yes
7.78,92,68.4,7.3,83.8,42.7,1,0,0,69.9,1,No
6.84,97,60.51,5.5,57.5,62.3,4,3,3,70.5,2,Yes
7.79,93,66.98,8.1,46.0,49.5,3,0,0,93.9,1,Yes
8.31,121,73.34,6.5,62.5,57.4,3,3,1,70.0,0,Yes
8.02,104,79.28,7.2,66.0,64.2,3,1,3,58.8,1,Yes
7.71,104,56.93,4.8,38.8,82.2,0,0,3,88.2,0,No
8.27,109,80.78,5.4,70.0,47.9,3,1,1,79.0,1,Yes
8.37,82,77.01,5.7,49.3,62.2,3,0,5,79.8,1,Yes
8.58,115,71.2,8.0,90.7,54.4,1,0,7,78.9,0,Yes
7.85,98,65.26,9.5,72.9,50.6,5,1,2,84.3,0,Yes
7.03,110,71.68,5.1,59.0,43.5,3,1,0,74.5,0,No
7.35,83,61.39,8.4,53.8,42.4,3,0,1,96.8,1,No
8.41,76,69.89,2.6,63.4,58.5,2,2,4,67.2,0,Yes
6.38,112,63.13,4.4,74.2,32.9,1,1,1,86.4,0,No
7.57,105,69.81,4.8,64.6,60.6,3,0,1,88.4,0,Yes
6.81,86,56.57,4.1,61.7,48.1,3,0,2,74.4,0,No
7.23,86,66.14,3.6,65.9,54.0,2,0,1,71.8,1,No
8.48,116,71.18,7.2,55.9,55.6,5,4,1,92.2,1,Yes
7.39,82,72.02,6.1,59.9,48.8,2,4,2,72.1,0,Yes
7.25,124,70.52,7.2,33.7,53.0,2,0,0,75.9,1,No
5.84,86,55.22,7.7,79.6,31.6,4,3,1,90.9,1,Yes
7.95,109,73.32,7.0,69.5,52.8,1,1,0,82.3,0,Yes
7.85,95,79.42,7.7,53.4,48.0,3,0,2,64.0,1,No
9.36,109,84.27,6.4,93.5,58.4,2,1,1,99.5,1,Yes
6.89,91,56.12,4.4,66.3,31.4,3,0,0,76.7,1,No
7.42,97,69.02,8.4,49.5,62.6,3,1,1,78.0,3,No
7.45,100,77.47,5.4,77.9,46.7,2,1,0,84.6,0,No
8.78,84,73.92,4.8,71.0,70.7,3,0,1,,0,No
7.1,111,62.14,6.2,70.9,58.3,2,0,0,100.0,0,No
7.48,92,69.39,4.9,58.6,42.1,2,0,4,65.4,0,No
7.81,96,70.0,5.7,71.8,45.9,4,0,3,90.3,0,Yes
7.39,85,61.57,7.1,61.1,72.2,3,2,0,89.4,0,Yes
6.75,70,66.39,7.1,73.3,61.3,4,0,4,80.6,1,No
7.39,97,78.15,4.9,36.4,51.5,6,1,1,89.9,1,No
8.27,136,75.44,5.6,58.5,60.0,3,2,1,91.3,0,Yes
6.17,111,51.04,8.4,90.8,38.2,3,0,3,68.2,0,No
7.33,99,58.25,7.4,53.5,54.8,0,1,2,99.5,0,Yes
6.5,96,59.79,10.0,55.9,39.8,5,0,1,66.4,1,Yes
8.4,100,81.07,8.6,58.3,42.5,2,0,0,70.6,0,Yes
5.68,108,53.47,8.6,46.8,29.2,1,2,2,79.4,1,No
6.64,82,59.76,4.0,31.9,46.7,4,1,4,100.0,1,Yes
7.58,116,65.25,7.9,61.5,44.0,4,1,0,78.9,2,No
8.77,110,73.43,6.4,67.0,60.8,3,2,1,81.7,0,Yes
7.13,110,68.38,5.5,64.2,41.3,4,0,1,96.3,0,Yes
6.64,106,64.37,6.8,62.8,40.3,1,0,2,79.0,1,No
9.08,100,74.0,8.2,65.6,70.4,4,0,4,70.2,0,Yes
5.75,110,59.72,7.4,80.3,42.2,1,1,2,77.8,1,No
5.0,108,47.88,4.9,62.1,34.9,5,1,1,95.7,0,No
7.64,94,75.76,7.8,56.4,60.5,0,1,1,82.7,1,Yes
6.7,91,53.57,5.4,60.8,50.7,2,1,0,100.0,0,No
6.18,101,48.78,6.9,73.7,54.8,2,0,2,89.4,2,No
7.91,123,70.43,6.0,86.2,51.7,1,1,2,75.6,1,Yes
7.44,81,69.51,6.1,55.6,48.7,4,2,1,82.5,0,Yes
6.64,77,68.71,7.9,66.5,36.0,1,0,0,73.5,0,No
5.92,102,56.81,4.6,70.1,38.0,4,3,0,75.3,0,No
8.07,100,71.44,10.0,50.1,64.2,2,1,1,100.0,2,Yes
7.85,102,65.52,3.2,65.3,65.4,1,1,0,92.2,2,No
7.1,103,70.06,5.4,43.0,57.4,1,0,1,90.6,1,No
9.05,96,76.6,7.2,38.5,49.0,3,1,3,75.8,1,No
6.13,122,63.31,7.6,70.5,51.6,2,3,1,97.7,1,Yes
5.67,75,49.65,6.3,59.2,25.0,0,0,3,93.0,1,No
6.51,87,66.53,6.4,68.0,52.7,3,0,4,100.0,2,No
7.15,98,67.78,7.2,64.7,47.1,1,0,0,100.0,0,No
7.44,75,66.31,6.1,50.4,57.7,0,2,1,67.2,2,No
6.96,97,60.03,9.0,64.3,38.1,6,2,3,70.9,1,Yes
7.55,124,66.26,8.0,46.5,62.2,2,0,0,72.0,0,Yes
5.95,100,55.68,8.1,85.9,29.9,5,1,0,72.6,0,No
8.64,103,78.18,4.8,44.7,55.2,2,1,2,85.2,1,Yes
7.12,81,61.09,6.4,62.1,41.8,4,0,1,76.3,1,No
8.32,90,74.03,6.0,49.4,44.2,1,2,0,100.0,2,No
7.54,94,68.28,4.7,73.6,53.6,3,1,2,100.0,0,Yes
7.66,95,58.27,7.1,60.0,68.0,1,0,2,81.9,3,No
7.77,119,72.22,5.5,57.2,75.7,0,1,3,100.0,1,Yes
7.65,108,63.93,7.7,77.8,54.3,2,1,1,96.9,0,Yes
7.84,83,64.82,4.6,65.4,63.8,1,0,2,77.5,1,Yes
8.53,103,68.33,9.6,72.7,61.6,1,1,0,61.9,0,Yes
7.4,107,57.6,4.9,50.3,55.8,3,3,1,79.8,0,Yes
7.91,117,64.4,6.9,43.9,52.6,1,0,0,75.6,1,Yes
7.11,123,60.45,7.9,66.6,51.3,3,2,0,84.1,0,Yes
8.64,84,87.53,5.5,60.2,64.8,1,2,1,82.9,2,Yes
6.52,87,56.08,8.0,74.4,41.0,4,1,1,82.6,0,No
9.0,81,81.9,4.3,63.8,62.4,3,0,0,87.2,1,No
7.16,96,66.44,9.1,68.1,49.7,5,1,1,69.9,0,Yes
5.77,106,52.58,6.5,40.6,47.0,5,0,0,86.1,0,No
7.33,114,65.57,5.4,93.3,42.8,1,0,1,77.6,0,No
6.52,98,52.69,6.0,62.5,45.2,3,1,0,84.0,0,No
8.04,95,79.62,8.0,75.5,71.6,2,1,0,91.6,0,Yes
6.55,102,67.96,5.4,52.5,55.1,2,1,0,69.8,1,No
6.75,87,52.37,5.2,69.6,58.1,5,1,3,79.2,1,Yes
5.31,131,42.67,6.1,45.5,37.4,5,4,0,80.8,1,Yes
6.75,75,59.33,4.4,71.8,49.8,2,2,2,,0,Yes
4.78,102,40.0,9.8,59.7,41.5,0,3,1,91.0,1,No
5.62,130,53.07,5.5,65.4,51.8,4,3,0,74.8,0,Yes
7.96,100,68.0,8.0,75.5,40.1,3,2,4,76.4,2,Yes
7.99,97,82.7,6.9,46.5,45.4,5,1,0,74.9,3,Yes
7.63,94,74.58,4.7,54.7,63.9,0,2,1,92.9,0,Yes
6.23,97,57.16,6.5,71.9,41.4,1,1,2,77.1,0,No
7.15,120,69.51,7.9,96.5,44.7,2,0,2,86.6,1,No
7.2,70,70.3,6.2,62.9,40.3,1,3,1,100.0,0,Yes
6.04,123,51.55,8.6,73.9,37.9,4,2,2,81.3,1,No
8.7,78,74.25,8.3,63.4,49.7,1,0,0,93.1,1,No
8.08,96,73.09,8.2,94.1,73.3,4,0,3,98.7,0,Yes
6.98,93,67.12,5.7,38.8,48.7,0,1,2,92.3,1,No
7.23,108,65.74,4.6,66.4,50.1,0,0,2,81.8,0,No
7.41,76,58.79,5.4,40.6,56.6,3,2,3,88.4,0,Yes
5.16,106,42.41,6.9,27.4,43.8,4,1,1,69.1,0,No
6.95,130,62.21,7.5,69.5,56.2,4,1,2,74.2,2,No
6.52,79,58.28,2.6,67.1,54.2,3,1,0,76.0,1,No
6.2,102,65.65,6.5,60.7,38.3,1,0,3,100.0,3,No
6.92,90,55.34,6.8,63.4,46.0,2,2,2,73.9,0,Yes
9.0,106,83.51,6.0,100.0,69.1,1,3,2,73.7,0,Yes
7.84,100,78.01,8.8,61.1,50.7,3,1,0,71.6,1,Yes
6.63,90,71.02,7.3,72.7,46.4,3,0,2,87.6,1,Yes
7.77,107,67.93,8.9,55.3,57.6,3,1,2,83.4,0,Yes
8.6,127,79.85,6.1,69.4,66.5,0,1,1,92.9,1,Yes
8.12,97,75.97,8.2,61.4,42.7,1,0,1,88.7,0,Yes
7.26,110,66.31,9.4,58.8,56.5,0,0,1,68.2,0,Yes
6.55,80,58.48,8.9,92.3,44.0,2,2,1,73.9,1,Yes
7.9,85,73.26,4.5,82.7,60.9,4,1,0,95.7,1,No
7.59,107,55.68,6.0,67.1,59.4,2,1,3,80.0,0,Yes
8.1,122,76.27,5.9,30.4,69.5,3,1,1,93.9,1,Yes
7.84,105,71.15,7.4,59.6,65.7,4,1,2,80.5,0,Yes
8.25,95,73.13,7.7,100.0,68.5,2,3,1,72.3,0,Yes
6.66,99,70.22,5.0,61.5,58.2,3,0,3,79.0,1,No
8.52,81,73.28,6.6,81.5,62.0,3,1,5,72.3,1,Yes
7.4,109,64.56,2.9,86.6,52.0,3,0,2,76.3,0,No
9.28,113,93.44,9.1,68.3,71.9,1,0,1,84.0,0,Yes
6.51,93,54.44,5.6,52.4,51.4,2,1,1,87.1,1,No
8.94,92,77.67,6.6,28.5,60.1,1,2,1,66.1,0,Yes
7.4,103,65.85,5.9,75.3,55.0,0,1,0,81.8,3,No
6.55,93,63.14,8.6,52.8,45.6,2,2,0,76.1,0,No
6.72,99,61.48,1.4,67.6,40.2,1,0,2,75.5,1,No
6.88,131,55.45,6.5,46.3,58.5,7,3,1,83.3,0,Yes
7.62,96,65.96,6.3,61.0,53.8,1,0,2,76.5,1,No
7.72,94,66.47,5.7,65.5,70.4,2,1,5,95.8,0,Yes
6.63,90,59.25,9.6,69.0,33.4,2,0,4,93.9,0,No
7.18,111,66.71,4.9,48.3,45.8,5,3,0,93.8,1,No
9.34,97,86.17,7.9,83.0,65.7,2,0,0,77.1,2,Yes
8.93,90,71.47,7.1,56.0,71.6,2,2,2,72.4,0,Yes
7.64,119,74.05,8.8,39.9,56.7,0,1,2,82.8,0,Yes
7.24,121,66.4,5.3,63.4,53.1,1,2,2,80.5,1,No
7.32,90,72.8,5.2,65.5,42.2,0,0,1,75.9,1,No
7.81,72,72.54,8.5,67.4,45.4,4,2,1,70.2,0,Yes
6.18,115,61.1,7.3,85.4,45.8,1,1,2,81.6,0,Yes
6.94,89,64.82,3.7,61.5,37.7,4,1,1,78.0,1,No
5.53,111,56.51,5.5,63.2,34.5,3,1,4,88.9,0,No
7.6,70,71.0,7.2,48.5,57.2,2,1,0,88.7,1,No
7.85,113,70.14,8.0,77.3,47.1,2,0,3,93.0,1,No
6.72,81,71.81,5.3,67.8,59.9,3,0,6,69.4,1,No
8.77,110,83.41,1.3,58.7,71.2,3,2,4,86.0,0,Yes
5.97,100,56.64,7.4,36.4,29.2,2,0,2,74.7,1,No
5.74,85,45.24,4.3,86.7,32.7,3,2,2,69.8,1,No
7.42,93,60.38,2.9,46.6,33.7,3,1,1,77.7,0,No
8.25,110,75.69,1.4,56.1,51.5,5,0,2,92.7,0,No
8.88,101,80.68,8.0,70.4,68.3,0,0,2,78.3,0,Yes
6.74,108,57.6,6.7,47.1,43.9,1,1,2,97.7,1,No
8.28,129,75.21,6.1,42.6,61.6,3,3,2,87.5,0,Yes
7.16,76,72.4,9.0,33.1,38.0,3,0,2,78.1,1,No
7.03,124,66.72,7.6,75.8,55.6,1,1,0,93.6,4,No
8.08,101,67.05,9.4,56.8,52.1,0,2,1,86.5,3,Yes
7.85,86,70.11,4.0,100.0,55.1,1,1,0,72.7,3,No
5.62,80,46.59,6.4,50.1,38.6,3,0,1,100.0,0,No
8.68,97,76.15,3.6,51.2,50.6,1,1,2,84.6,1,No
8.58,113,75.15,6.1,56.5,50.8,4,1,1,82.2,0,Yes
6.57,98,56.78,6.1,68.6,53.8,1,1,1,73.4,1,No
7.6,122,62.09,7.6,57.9,56.4,1,1,2,93.8,0,Yes
7.69,78,68.61,6.6,74.2,62.3,2,1,2,87.2,0,Yes
7.46,99,64.34,7.6,50.3,54.8,3,1,2,88.3,0,Yes
6.65,81,45.2,7.8,44.3,47.7,3,1,0,76.9,0,Yes
6.53,105,69.02,10.0,38.0,31.9,1,1,1,90.3,0,Yes
7.17,113,70.01,5.9,31.6,48.1,3,2,2,91.1,0,Yes
8.37,93,73.47,4.8,57.2,58.4,2,2,3,75.3,2,Yes
7.74,70,69.79,6.9,60.5,69.8,3,2,1,67.8,0,Yes
6.83,102,55.61,5.1,55.5,53.3,3,1,3,87.8,0,No
7.97,106,80.22,9.2,83.7,68.1,3,0,2,66.3,2,Yes
4.35,106,48.65,6.0,83.4,35.2,3,3,0,83.5,0,No
8.35,118,75.92,5.5,60.0,52.8,5,2,2,77.5,1,Yes
5.46,83,54.26,5.7,38.1,39.2,5,2,1,94.2,0,No
6.84,110,62.41,7.8,56.5,49.8,4,1,2,78.1,1,Yes
6.08,117,48.04,6.2,56.0,35.0,1,3,2,93.1,1,No
5.91,73,51.09,5.3,55.1,38.3,4,1,0,76.9,1,No
8.36,104,75.91,9.5,54.5,56.9,2,2,0,92.0,1,Yes
6.73,92,58.32,5.0,55.2,60.0,1,2,2,100.0,0,Yes
7.55,98,66.83,6.6,59.2,36.2,2,0,2,71.3,1,No
7.15,105,63.92,7.7,55.5,59.7,2,1,2,84.9,0,Yes
7.68,92,68.69,3.6,68.1,46.2,7,0,2,100.0,0,Yes
7.28,89,65.75,7.4,70.4,40.0,4,1,4,82.7,0,Yes
5.92,100,47.95,4.6,51.3,50.9,2,1,1,82.6,0,No
8.2,83,70.18,8.0,84.1,63.2,3,1,1,89.9,1,Yes
6.71,83,53.93,4.8,50.3,57.0,3,0,1,82.4,0,No
5.64,110,55.68,7.7,40.7,45.9,5,3,3,64.9,0,Yes
6.77,82,50.42,8.5,70.7,63.9,4,4,0,93.3,0,Yes
8.7,109,84.07,8.1,52.7,65.4,1,1,2,62.0,0,Yes
8.05,106,79.38,7.0,69.8,55.1,2,0,0,77.8,0,No
6.85,74,60.15,6.1,28.9,50.7,2,3,1,94.1,0,Yes
6.85,89,48.64,5.5,85.9,57.9,3,0,2,78.4,0,No
6.88,117,60.1,9.1,75.1,41.9,3,0,2,75.1,1,Yes
9.28,85,83.17,5.2,42.5,59.7,6,1,4,90.8,0,Yes
7.58,93,63.18,4.6,42.8,50.6,0,1,2,73.5,0,No
7.63,106,66.09,7.7,90.1,36.6,2,1,1,69.8,1,Yes
8.23,111,81.72,5.1,53.9,58.7,2,2,3,84.7,1,Yes
7.44,96,70.27,4.8,52.5,37.0,2,2,2,80.2,0,Yes
6.94,91,57.85,3.9,31.0,49.0,5,1,4,69.6,2,No
7.0,121,55.04,5.6,59.7,55.9,0,2,0,88.4,0,Yes
7.13,126,62.52,6.4,61.6,46.1,2,0,1,86.6,0,No
7.16,114,63.4,6.9,75.7,63.6,1,1,4,78.4,2,Yes
7.93,101,73.83,8.2,44.0,43.8,4,1,0,79.1,0,Yes
7.25,87,62.59,7.4,42.2,60.3,1,1,1,86.7,0,No
7.93,87,73.95,6.2,71.8,60.9,2,0,1,93.9,0,Yes
7.12,107,73.75,6.1,80.1,36.1,1,0,3,79.2,0,No
7.28,106,69.59,7.4,41.4,72.6,4,3,1,88.5,1,Yes
5.2,121,46.58,8.8,81.2,35.9,1,0,1,87.7,0,No
8.12,109,72.13,6.7,65.6,49.8,2,0,2,90.8,1,No
7.55,77,66.14,5.7,81.4,41.6,4,2,3,82.4,0,Yes
8.2,115,79.69,4.7,63.9,55.6,3,0,0,72.9,0,Yes
4.3,85,40.0,3.9,27.2,29.1,6,0,1,77.4,0,No
9.29,94,83.82,7.7,62.7,65.8,4,0,3,85.4,2,Yes
7.06,103,63.8,7.5,80.9,47.0,0,4,0,100.0,0,Yes
8.31,129,72.26,7.5,51.6,63.2,1,0,1,77.2,0,No
6.16,145,48.58,6.3,59.2,40.0,1,1,1,90.0,1,No
7.81,109,71.93,9.0,62.4,39.2,2,0,0,78.7,0,No
6.15,97,55.01,5.6,21.5,41.8,0,0,1,83.1,0,No
6.58,108,61.69,8.2,90.1,27.1,5,1,2,97.2,0,Yes
9.11,113,79.36,6.4,51.5,66.6,5,0,3,89.6,3,Yes
7.01,95,69.19,5.4,72.6,41.2,6,2,2,69.6,1,Yes
7.42,126,62.37,7.6,63.7,53.2,0,1,3,76.3,1,No
8.07,103,81.19,7.2,83.9,67.0,2,0,0,94.6,1,No
7.7,107,60.52,7.1,71.1,46.3,3,1,2,83.4,1,Yes
7.35,109,68.33,6.6,61.5,59.9,2,4,3,70.5,2,Yes
7.56,106,70.46,,51.6,49.5,5,0,0,73.8,0,No
9.6,112,82.45,10.0,77.0,81.2,3,1,3,89.0,0,Yes
7.14,90,66.4,8.6,36.9,47.1,5,0,2,91.9,0,Yes
7.4,91,73.01,7.8,74.7,45.1,2,0,2,82.2,0,Yes
8.25,83,63.17,6.7,48.5,63.3,1,1,5,100.0,0,No
8.31,106,77.26,8.3,83.8,54.7,4,0,2,90.2,1,Yes
8.39,111,63.02,7.4,67.4,52.0,1,2,1,79.6,2,Yes
7.84,106,65.72,6.5,74.7,51.0,3,1,2,73.8,1,Yes
6.06,125,62.66,6.0,66.2,42.0,0,0,6,72.3,1,No
8.83,99,76.59,6.4,38.7,72.6,2,0,1,85.4,2,Yes
6.05,110,48.61,1.0,52.1,26.9,1,2,2,77.1,0,No
7.5,83,66.53,6.9,75.1,52.7,6,0,0,98.7,1,No
6.45,94,68.35,5.6,67.5,50.1,2,3,5,96.7,1,Yes
7.14,110,55.06,9.4,82.7,51.5,3,0,3,88.3,1,Yes
7.53,112,62.5,6.5,71.0,63.2,3,2,5,70.2,1,Yes
7.52,95,75.18,4.4,50.5,52.1,0,1,2,75.3,0,No
7.62,98,77.89,6.4,53.1,51.9,0,1,0,94.6,0,No
8.81,77,78.81,4.6,66.5,66.4,1,0,0,76.4,1,No
7.65,94,62.69,7.4,30.3,54.4,0,1,1,93.2,0,No
6.96,113,73.08,7.0,90.1,45.6,2,3,1,86.7,2,Yes
8.16,108,81.45,8.2,71.6,61.3,2,1,3,82.5,0,Yes
8.39,107,78.9,5.1,83.4,53.5,5,2,1,75.0,0,Yes
5.97,100,49.69,6.6,41.3,36.9,1,0,2,81.1,1,No
7.8,100,69.93,4.0,83.7,50.4,3,3,3,83.9,1,Yes
7.9,90,70.31,7.8,98.5,66.1,1,1,1,92.3,0,Yes
6.9,110,63.78,7.4,45.2,22.5,5,2,1,73.1,0,Yes
8.58,106,84.44,7.4,76.6,63.2,0,0,4,79.4,1,No
7.05,107,67.85,6.5,65.0,49.6,2,1,2,,2,Yes
7.33,92,60.54,7.2,41.8,37.8,1,2,2,88.6,1,No
7.03,70,70.12,9.4,72.4,51.7,2,2,2,72.9,2,Yes
7.22,116,66.51,6.0,77.5,54.3,2,0,3,68.8,1,No
6.1,92,58.37,6.7,56.0,47.4,1,3,1,88.7,1,No
5.76,87,59.17,4.5,82.5,20.0,1,0,0,66.8,3,No
8.79,110,73.59,4.9,40.0,72.5,4,0,0,94.8,1,Yes
6.35,94,57.0,6.7,42.6,38.6,4,0,4,80.4,0,No
6.21,115,53.22,8.5,67.0,49.0,2,1,2,66.5,1,No
5.05,109,40.0,6.0,65.4,41.3,0,1,2,77.2,0,No
6.56,110,60.78,6.1,54.3,38.9,1,2,1,85.8,0,Yes
5.88,79,65.45,5.8,77.1,46.4,6,1,2,76.7,0,Yes
8.84,118,70.38,5.5,73.0,58.8,1,0,1,82.2,1,No
8.21,103,73.73,7.0,77.9,40.9,5,1,1,89.4,0,Yes
6.51,94,61.81,3.8,63.2,54.9,1,2,1,80.0,1,No
9.45,102,85.69,8.8,74.0,60.0,5,0,1,72.6,1,Yes
8.18,73,73.07,5.3,58.3,50.4,3,1,0,79.0,1,No
6.88,106,55.38,7.8,95.8,44.9,1,2,1,,0,Yes
4.7,84,43.47,4.2,52.8,35.1,1,3,1,98.9,1,No
9.49,79,81.63,7.7,96.6,66.0,3,2,2,61.8,2,Yes
5.81,77,41.34,7.7,65.5,45.1,5,1,1,92.9,1,Yes
5.55,116,55.96,7.2,44.4,28.2,2,0,3,84.5,0,No
8.22,90,78.8,4.7,85.5,51.6,1,4,2,91.2,1,Yes
9.64,123,87.02,6.9,66.9,66.6,0,0,3,76.5,1,Yes
8.58,91,78.4,4.4,77.8,75.3,2,1,2,64.3,1,Yes
7.76,74,75.25,6.0,83.4,53.4,6,1,4,87.8,0,Yes
7.79,83,71.27,8.4,70.1,63.2,1,0,0,72.6,1,No
8.05,118,77.0,7.9,56.1,56.7,4,0,3,68.1,1,Yes
7.96,97,70.14,6.5,79.6,51.8,4,2,4,68.8,1,Yes
7.48,91,73.89,4.7,65.0,50.4,1,1,2,88.0,0,Yes
7.3,102,67.34,7.7,75.3,49.8,1,0,5,83.4,0,No
7.14,107,65.21,6.5,32.7,54.8,1,0,2,89.8,2,No
6.45,116,51.66,2.3,71.7,56.1,2,1,1,88.7,0,No
6.92,121,63.71,7.9,55.4,51.3,4,0,2,77.8,4,No
5.51,94,45.4,6.5,89.8,48.0,4,1,3,81.3,2,No
7.1,80,60.72,8.7,74.3,42.0,2,0,0,76.9,0,No
6.21,93,51.83,4.5,68.6,40.2,3,1,1,79.9,0,No
6.1,103,49.54,1.0,72.3,36.9,2,0,1,72.3,1,No
7.38,85,77.04,7.0,50.0,54.2,2,1,1,85.9,0,Yes
8.59,85,83.98,7.0,89.3,57.3,4,1,2,92.8,0,Yes
8.12,105,82.67,3.5,94.9,62.7,1,1,4,73.8,0,Yes
5.63,99,44.55,4.7,70.9,32.0,1,1,4,94.8,0,No
6.21,100,56.25,10.0,88.9,43.8,1,1,3,83.1,1,No
8.14,88,66.8,5.9,56.5,62.5,3,0,2,84.4,4,No
6.22,96,52.48,7.8,53.0,27.0,2,1,6,65.0,0,Yes
6.98,86,58.19,5.3,65.6,65.8,6,1,4,63.9,0,Yes
7.75,113,75.95,2.7,71.5,52.0,2,1,0,83.4,1,No
6.23,115,54.1,6.2,59.1,27.4,2,1,1,89.9,1,No
7.31,72,71.09,6.0,73.1,52.4,3,3,1,75.3,2,Yes
5.87,86,55.81,5.8,69.6,41.3,3,1,2,98.7,0,Yes
6.6,77,70.91,6.3,50.0,45.5,1,0,1,89.3,1,No
7.52,90,60.28,7.0,72.8,60.6,2,1,0,72.9,1,No
5.61,98,56.76,6.2,78.0,45.2,2,1,0,82.3,0,No
7.64,78,74.5,4.2,67.6,55.9,5,3,1,100.0,1,Yes
7.18,86,59.76,7.4,82.3,53.9,3,2,1,69.6,3,No
7.75,84,74.81,3.0,46.7,53.4,3,0,0,87.3,0,No
7.42,103,68.5,2.8,72.0,66.2,2,0,1,78.8,2,No
8.56,101,75.94,7.8,47.4,48.1,4,2,2,89.1,0,Yes
8.02,82,70.5,9.1,64.1,59.2,3,1,3,81.4,0,Yes
7.69,91,63.62,8.3,65.6,53.4,1,0,2,92.8,1,No
7.85,113,70.14,8.0,77.3,47.1,2,0,3,93.0,1,No
6.75,106,66.97,7.6,33.5,55.9,2,4,1,93.9,0,Yes
9.28,85,83.17,5.2,42.5,59.7,6,1,4,90.8,0,Yes
5.96,94,57.32,4.9,49.0,49.9,1,1,1,79.4,0,No
8.09,70,70.18,3.0,60.1,44.8,4,2,2,89.6,0,No
8.51,98,78.39,3.8,63.0,68.3,2,1,3,73.2,2,Yes
6.82,83,60.19,7.1,53.0,53.3,4,1,2,98.5,1,Yes
6.49,119,50.81,6.4,35.5,39.7,2,1,2,73.5,0,No
